LOG HH_CLint (uL/min/1E6 cells),canonical_smiles
0.505149978319906,COc1ccnc(CCc2nc3cc(Br)cnc3[nH]2)c1
0.5105450102066121,COc1cc2c(cc1-c1c(C)noc1C)ncc1[nH]c(=O)n([C@H](C)c3ccccn3)c12
0.5185139398778875,Cc1nc(CSc2nc(N[C@H](C)CO)c3sc(=O)[nH]c3n2)cs1
0.5198279937757188,C=CC(=O)Nc1cccc(Oc2nc(Nc3ccc(N4CCN(C)CC4)cc3OC)ncc2Cl)c1
0.5198279937757188,CC(C)(C)NC(=O)NCCN1CC(NC(=O)c2cc(Cl)cc(Cl)c2)C1
0.5198279937757188,Cn1cnc2c(-c3ccc(C4(N)CCC4)cc3)c(-c3ccccc3)ccc21
0.5301996982030822,CC(C)(C)NS(=O)(=O)c1cncc(-c2ccc3nc(NC(=O)NCC(=O)N4CCOCC4)nn3c2)c1
0.5314789170422551,O=C(CC1CCCCCC1)Nc1cccc2c(=O)n([C@H]3CCNC3)ccc12
0.5390760987927766,CCn1cc(C(=O)O)c(=O)c2ccc(C)nc21
0.5403294747908738,Cc1c(N(C)C)c(=O)n(-c2ccccc2)n1C
0.5403294747908738,CC(=O)C[C@H](c1ccccc1)c1c(O)c2ccccc2oc1=O
0.5502283530550941,C#Cc1cccc(Nc2ncnc3cc4c(cc23)OCCOCCOCCO4)c1
0.5705429398818975,NC(=O)c1ccn2c(-c3ccccc3)c(-c3ccc(C4(N)CCC4)cc3)nc2c1
0.5705429398818975,O=C1CN=C(c2ccccc2Cl)c2cc([N+](=O)[O-])ccc2N1
0.5705429398818975,C[C@@H](c1ccc(-c2ccc(F)cc2F)cc1)N1CC[C@](CCO)(c2ccc(F)cc2)OC1=O
0.5797835966168101,Cc1c(F)cc(C(=O)NC2CC2)cc1-c1ccc(C(=O)NCC(C)(C)C)cn1
0.5809249756756193,O=C(O)CCn1c2c(c3ccccc31)C[C@H](NS(=O)(=O)c1ccc(F)cc1)CC2
0.5899496013257077,CNC1=Nc2ccc(Cl)cc2C(c2ccccc2)=[N+]([O-])C1
0.5921767573958668,COc1ccc(C[C@@H](C)NC[C@H](O)c2ccc(O)c(NC=O)c2)cc1
0.5998830720736879,Cc1nnc2n1-c1ccc(Cl)cc1C(c1ccccc1)=NC2
0.5998830720736879,CCCc1nc2c(C)cc(-c3nc4ccccc4n3C)cc2n1Cc1ccc(-c2ccccc2C(=O)O)cc1
0.5998830720736879,N=C(N)N1CCc2ccccc2C1
0.6063813651106049,Cc1c(Cc2ccc3ccccc3n2)c2cc(F)ccc2n1CC(=O)O
0.6201360549737576,O=C(O)c1cn(C2CC2)c2cc(N3CCNCC3)c(F)cc2c1=O
0.6304278750250238,Cc1cnc(C(=O)NCCc2ccc(S(=O)(=O)NC(=O)NC3CCCCC3)cc2)cn1
0.6304278750250238,COc1ccc(-c2ccc3c(N4CCOC[C@@H]4C)nc(N4CCOC[C@@H]4C)nc3n2)cc1C(=O)N(C)C
0.6493348587121419,O=C(NCC12CC3CC(CC(C3)C1)C2)c1cc(CN2CCNCC2)ccc1Cl
0.6503075231319364,CN(C)c1nc(Cc2ccc(NC(=O)c3ccc(C(F)(F)F)cc3)cc2)nc(N(C)C)c1CC(=O)O
0.6503075231319364,Cc1cc(=O)n(-c2ccccc2)n1C
0.6599162000698503,CCC(=O)N[C@H]1CC[C@@H](C(=O)N(C)c2ccc(-c3nc4ccccc4o3)cc2)C1
0.6599162000698503,O=C1Nc2ccc(Cl)cc2C(c2ccccc2Cl)=NC1O
0.6599162000698503,CC(C)(C)NCC(O)COc1nsnc1N1CCOCC1
0.670245853074124,CN(CCOc1ccc(NS(C)(=O)=O)cc1)CCc1ccc(NS(C)(=O)=O)cc1
0.670245853074124,CCOc1ncc(C)c2c1[C@H](c1ccc(C#N)cc1OC)C(C(N)=O)=C(C)N2
0.6720978579357175,C[C@H](Oc1ccc(Cl)cc1CN1CCN(C(=O)Cc2ccc(Cl)cc2)[C@@H](C)C1)C(=O)O
0.6776069527204931,Cc1c(Sc2ccc(Cl)cc2)c2c(NS(C)(=O)=O)cccc2n1CC(=O)O
0.6803355134145632,COc1ccccc1Oc1c(NS(=O)(=O)c2ccc(C(C)(C)C)cc2)nc(-c2ncccn2)nc1OCCO
0.6803355134145632,Cc1ccc(-c2cc(C(F)(F)F)nn2-c2ccc(CC(=O)O)cc2)cc1
0.6803355134145632,CC(C)(C)NS(=O)(=O)c1cncc(-c2ccc3nc(NC(=O)NCC(=O)N4CCCC4)nn3c2)c1
0.6884198220027107,COc1ncccc1-c1cccc2c(N)c3c(nc12)CN(C1CCC1)C3=O
0.6901960800285137,N#CC1(NC(=O)[C@@H]2CCCC[C@H]2C(=O)N2CCN(c3nc4ccncc4s3)CC2)CC1
0.6901960800285137,CC1Cc2ccccc2N1NC(=O)c1ccc(Cl)c(S(N)(=O)=O)c1
0.6919651027673603,CC(CO)(CO)Nc1nc(SCc2cccc(F)c2F)nc2nc(N)sc12
0.6998377258672457,CN1C(=O)CN=C(c2ccccc2F)c2cc([N+](=O)[O-])ccc21
0.7032913781186614,NC(=O)C(c1ccccc1)(c1ccccc1)[C@@H]1CCN(CCc2ccc3c(c2)CCO3)C1
0.7101173651118162,C[C@H](c1nc2ncccc2c(=O)n1-c1ccc(Cl)cc1)N(CC1CCS(=O)(=O)CC1)C(=O)Cc1ccc(C(F)(F)F)c(F)c1
0.7126497016272114,CC[C@H](CO)Nc1nc(SCc2cccc(F)c2F)nc2nc(N)sc12
0.7134905430939426,O=c1[nH]c2c(O)ccc([C@@H](O)CNCCc3cccc(CNCCc4c(Cl)cccc4Cl)c3)c2s1
0.7201593034059569,Cc1cc(OCCCS(C)(=O)=O)cc(C)c1-c1cccc(COc2ccc3c(c2)OC[C@H]3CC(=O)O)c1
0.7201593034059569,CC[C@H](Nc1ncnc2[nH]cnc12)c1nc2cccc(F)c2c(=O)n1-c1ccccc1
0.7201593034059569,NC(=O)N1c2ccccc2C=Cc2ccccc21
0.7299742856995556,COc1cc2nc(N3CCN(C(=O)c4ccco4)CC3)nc(N)c2cc1OC
0.7299742856995556,O=S(=O)(c1ccccc1)N(CC(F)(F)F)c1ccc(C(O)(C(F)(F)F)C(F)(F)F)cc1
0.7403626894942439,O=C(CN1CCOCC1)Nc1ccc(-c2cccc3c(=O)cc(N4CCOCC4)oc23)cc1OCCN1CCCC1
0.7497363155690611,Nc1[nH]ncc1-c1cc(Cl)ccc1Oc1cc(F)c(S(=O)(=O)Nc2cscn2)cc1Cl
0.7497363155690611,CN(C)CCCN1c2ccccc2CCc2ccccc21
0.7596678446896306,C[C@H](CO)Nc1nc(SCc2ccccc2F)nc2nc(N)sc12
0.7596678446896306,Nc1nc2ccc(F)cc2s1
0.7596678446896306,CC(C)(C)S(=O)(=O)N[C@H]1CC[C@H](C(=O)Nc2ccc(C(F)(F)F)cn2)CC1
0.7693773260761385,CC(C)(CO)Nc1nc(SCc2cccc(F)c2F)nc2nc(N)sc12
0.7781512503836436,CC(C)(C)NC(=O)c1ccc(Oc2cc(F)c(CC(=O)O)cc2Cl)c(NS(=O)(=O)c2ccc(C3CC3)cc2Cl)c1
0.7781512503836436,CCc1nn(C2CCCC2)c2c1CCn1c(-c3cccs3)nnc1-2
0.7781512503836436,Cn1cc(C2=C(c3cn(C4CCN(Cc5ccccn5)CC4)c4ccccc34)C(=O)NC2=O)c2ccccc21
0.7902851640332417,C=C[C@H]1CN2CC[C@H]1C[C@@H]2[C@@H](O)c1ccnc2ccc(OC)cc12
0.7902851640332417,CN1C(=O)CN=C(c2ccccc2)c2cc(Cl)ccc21
0.8000293592441343,CCCCNC(=O)NS(=O)(=O)c1ccc(C)cc1
0.8000293592441343,O=C(O)c1cc(-c2ccc(F)cc2F)ccc1O
0.8000293592441343,CC(=O)Nc1ccc(O)cc1
0.8102325179950841,COc1ccc(CCO[C@@H]2CCCC[C@H]2N2CC[C@@H](O)C2)cc1OC
0.8102325179950841,O=C(O)CCc1nc(-c2ccccc2)c(-c2ccccc2)o1
0.8202014594856403,C[C@]12CCC(=O)C=C1C=C[C@@H]1[C@@H]2CC[C@@]2(C)[C@H]1CC[C@@]21CCC(=O)O1
0.8202014594856403,CCCS(=O)(=O)Nc1ccc(F)c(C(=O)c2c[nH]c3ncc(-c4ccc(Cl)cc4)cc23)c1F
0.829946695941636,COc1cc2nccc(Oc3ccc(NC(=O)C4(C(=O)Nc5ccc(F)cc5)CC4)cc3)c2cc1OC
0.829946695941636,CN1CCN(C2=Nc3cc(Cl)ccc3Nc3ccccc32)CC1
0.8401060944567578,Cc1ccc(-c2ccc3c(ccc4sc5c(c43)NC[C@@H](C)NC5=O)n2)cn1
0.8401060944567578,CNCCCN1c2ccccc2CCc2ccccc21
0.8444771757456815,Cc1ccc(S(=O)(=O)Nc2c(C(=O)N[C@@H](C)C(C)(C)C)c(C)nn2-c2ccccc2)cc1
0.8450980400142568,Cc1nc(-c2ccc(OCC(C)C)c(C#N)c2)sc1C(=O)O
0.850033257689769,CC(C)(C)NC(=O)NCCN1CCC(CO)(CNC(=O)c2cc(Cl)cc(Cl)c2)CC1
0.850033257689769,Cn1ncc(Cl)c1-c1cc(C(=O)N[C@H](CN)Cc2cccc(F)c2)sc1Cl
0.859738566197147,CO[C@H]1CC[C@]2(CC1)Cc1ccc(OCC(C)C)cc1C21N=C(C)C(N)=N1
0.8698182079793282,Cc1nn(C)c2cc(N3CCN(C(=O)[C@@H]4CCCC[C@H]4C(=O)NC4(C#N)CC4)[C@H](C)C3)ccc12
0.8698182079793282,C#Cc1cccc(Nc2ncnc3cc(OCCOC)c(OCCOC)cc23)c1
0.8802417758954804,C[C@H](CO)Nc1nc(SCc2cccc(F)c2F)nc2nc(N)sc12
0.8802417758954804,CN1CCN(c2nc3ccccc3cc2Cn2nc(-c3ccc4nc(N)sc4c3)c3c(N)ncnc32)CC1
0.8802417758954804,CC(C)NCC(O)COc1cccc2[nH]ccc12
0.8898617212581884,CC(c1cc2ccccc2s1)N(O)C(N)=O
0.8898617212581884,CN(C)CCCOc1nn(Cc2ccccc2)c2ccccc12
0.8898617212581884,NC1(c2ccc(-c3nn4ccnc4cc3-c3ccccc3)cc2)CCC1
0.8976270912904415,Cc1c(CC(=O)O)c2cc(F)ccc2n1S(=O)(=O)c1ccc(S(C)(=O)=O)cc1
0.8998205024270963,NC1=Nc2ccccc2Sc2ccccc21
0.8998205024270963,C[C@H](Nc1nc(Nc2cc(C3CC3)[nH]n2)cnc1C#N)c1ccc(F)cn1
0.9100905455940682,N#Cc1cccc(-c2cccc(C(=O)O)c2)c1
0.9299295600845878,Cc1cnc(Nc2ccc(F)cc2Cl)nc1-c1c[nH]c(C(=O)N[C@H](CO)c2cccc(Cl)c2)c1
0.9299295600845878,O=C1Nc2ccc(Cl)cc2C(c2ccccc2)=NC1O
0.9299295600845878,O=C1Nc2ccc(Cl)cc2[C@@](C#CC2CC2)(C(F)(F)F)O1
0.9395192526186185,C[C@H]1CN(Cc2cc(Cl)ccc2CC(=O)O)CCN1S(=O)(=O)Cc1ccccc1
0.9400181550076633,OC(c1ccc(-c2ccc(CN3CCN(Cc4ccncc4)CC3)cc2)c(F)c1)(C(F)(F)F)C(F)(F)F
0.9400181550076633,CCc1cccc2cc(C(O)CNC(C)(C)C)oc12
0.9498777040368748,CN(C)N(C)C(=O)[C@@]1(Cc2ccccc2)CCCN(C(=O)[C@@H](Cc2c[nH]c3ccccc23)NC(=O)C(C)(C)N)C1
0.9599948383284161,Cc1ccc(C(=O)c2ccc(CC(=O)O)n2C)cc1
0.9599948383284161,O=C1COC2(CCN(S(=O)(=O)c3ccc(-c4ccc5cccnc5c4)cc3)CC2)CN1C1CC1
0.9599948383284161,C[C@H]1C[C@@H]2[C@H]([C@@H](O)C[C@@]3(C)[C@H]2CC[C@]3(O)C(=O)CO)[C@@]2(C)C=CC(=O)C=C12
0.9599948383284161,NC1(c2ccc(-c3c(-c4ccccc4)ccn4ccnc34)cc2)CCC1
0.9698816437465,O=C(O)c1ccc(-n2nc(C(F)(F)F)cc2-c2ccc(C(F)(F)F)cc2)cc1
0.9698816437465,COc1ccc([C@@H]2Sc3ccccc3N(CCN(C)C)C(=O)[C@@H]2OC(C)=O)cc1
0.9777236052888478,CCN(C(=O)c1cnn(-c2ccccc2)c1NS(=O)(=O)c1ccc(-c2cnco2)cc1)C1CCCCC1
0.989894563718773,CC(C(=O)O)c1ccc(C(=O)c2cccs2)cc1
0.989894563718773,Cc1ccc2[nH]c(C(=O)O)nc2c1
1.0,CC[C@H](CO)Nc1nc(SCc2ccccc2)nc2[nH]c(=O)sc12
1.0,C[C@H]1COCCN1c1nc(N2CCOC[C@@H]2C)c2ccc(-c3cccc(C(=O)NCCO)c3)nc2n1
1.0,O=C(NCc1ccc(OC(F)(F)F)cc1)C1c2ccccc2C(=O)N1CC1CC(F)(F)C1
1.0098756337121602,CC(C)(C)NC(=O)[C@@H]1CN(Cc2cccnc2)CCN1C[C@@H](O)C[C@@H](Cc1ccccc1)C(=O)N[C@H]1c2ccccc2C[C@H]1O
1.0098756337121602,NC1(c2ccc(-c3c(-c4ccccc4)ccc4ccnn34)cc2)CCC1
1.0199466816788423,CCCCC1=NC2(CCCC2)C(=O)N1Cc1ccc(-c2ccccc2-c2nnn[nH]2)cc1
1.0199466816788423,O=C1NC(=O)C(=CC=Cc2ccccc2)S1
1.0301947853567512,COCc1c(C(C)C)nc(C(C)C)c(/C=C/[C@@H](O)C[C@@H](O)CC(=O)O)c1-c1ccc(F)cc1
1.0301947853567512,Cc1cc(F)ccc1-n1nc(C(F)(F)F)cc1-c1ccc2c(c1)NC(=O)CO2
1.0301947853567512,C=CC(=O)Nc1ccc(OC)cc1
1.0301947853567512,C[C@@H]1CN(C(=O)N[C@H](Cc2ccc(F)cc2)C(=O)N2CCC(C(=O)NC(C)(C)C)(C3CCCCC3)CC2)C[C@H](C)N1
1.0301947853567512,Cc1ccc(-c2cc(C(F)(F)F)nn2-c2ccc(C(=O)O)cc2)cc1
1.0398105541483504,Cc1ccccc1-n1c(Cn2cnc3c(N)ncnc32)nc2cccc(C)c2c1=O
1.0398105541483504,O=c1[nH]c2cc(Cl)ccc2o1
1.0599418880619547,CCN(CC)CCN1C(=O)[C@@](O)(c2ccccc2Cl)c2c1cc(C(N)=O)cc2C(F)(F)F
1.0799044676667207,CCOc1ccc2nc(N)sc2c1
1.0799044676667207,CC(C)[C@H](C(=O)Nc1nccs1)c1ccc(Cl)cc1
1.089905111439398,COc1cc(-n2cnc3cc(-c4ccc(Cl)cc4)sc3c2=O)ccc1OC[C@H](OP(=O)(O)O)C1CC1
1.089905111439398,COc1cc(N2CCN(C(=O)CO)CC2)ccc1Nc1ncc(Cl)c(-c2cnc3ccccn23)n1
1.1000257301078626,CCCSc1ccc2[nH]c(NC(=O)OC)nc2c1
1.1000257301078626,COc1cc(N2CCN(C(=O)[C@@H](C)O)CC2)ccc1Nc1ncc(Cl)c(-c2cnc3ccccn23)n1
1.1099158630237933,CCc1cccc2c3c([nH]c12)C(CC)(CC(=O)O)OCC3
1.1099158630237933,Clc1ccc(Cn2c(-c3nn[nH]n3)cc3ccccc32)cc1Cl
1.1199154102579911,NC1=Nc2ccccc2Sc2cccc(F)c21
1.1199154102579911,C=CCc1ccccc1OCC(O)CNC(C)C
1.1300119496719043,NC1(c2ccc(-c3nc4ccccc4cc3-c3ccccc3)cc2)CCC1
1.1300119496719043,CC(C)C[C@H](CO)Nc1nc(SCc2ccccc2)nc2[nH]c(=O)sc12
1.1300119496719043,Cc1ccc(-c2cc(-c3ccccc3)nn2-c2ccc(S(N)(=O)=O)cc2)cc1
1.130333768495006,C[C@H]1CN(Cc2cc(Cl)ccc2CC(=O)O)CCN1C(=O)Cc1ccc(Cl)cc1
1.1398790864012365,NC(=O)NC(=O)C(Nc1ccc2c(c1)CCC2)c1ccccc1
1.1398790864012365,CN(C)C(=O)C(CCN1CCC(O)(c2ccc(Cl)cc2)CC1)(c1ccccc1)c1ccccc1
1.1398790864012365,Cc1nn(C2CCCCC2)c(N)c1-c1ccccc1
1.1398790864012365,Nc1c2c(nc3ccccc13)CCCC2
1.1398790864012365,COc1cc(N2CC3CNCC(C2)O3)ccc1Nc1ncc(Cl)c(-c2cnc3ccccn23)n1
1.146128035678238,CC(C)(O)c1ccccc1CC[C@@H](SCC1(CC(=O)O)CC1)c1cccc(/C=C/c2ccc3ccc(Cl)cc3n2)c1
1.1598678470925667,COc1ccc(Cl)cc1C(=O)NCCc1ccc(S(=O)(=O)NC(=O)NC2CCCCC2)cc1
1.1598678470925667,CC(C)(N)C(=O)N[C@H](COCc1ccccc1)C(=O)N1CCC2(CC1)CN(S(C)(=O)=O)c1ccccc12
1.1598678470925667,CN(C)CCCN1c2ccccc2Sc2ccc(Cl)cc21
1.1613680022349748,O=C(O)C[C@H](O)C[C@H](O)/C=C/c1c(C2CC2)nc2ccccc2c1-c1ccc(F)cc1
1.169674434058807,O=c1[nH]c2c(O)ccc([C@@H](O)CNCCCSCCOCCc3cccc4ccccc34)c2s1
1.1699681739968923,COc1c(C)c2c(c(O)c1C/C=C(\C)CCC(=O)O)C(=O)OC2
1.1699681739968923,Cc1ccc(-c2cc(C(F)(F)F)nn2-c2ccc([S+](C)[O-])cc2)cc1
1.1699681739968923,O=C(Nc1cc(-c2ccnc(Nc3ccc(F)cc3)c2)ccn1)C1CCOCC1
1.180125875164054,C[C@@H](O)[C@H](NC(=O)c1ccc(C#Cc2ccc(CN3CCOCC3)cc2)cc1)C(=O)NO
1.180125875164054,CCN(CC)CCN1C(=O)C(O)(c2ccccc2Cl)c2c1cc(C(N)=O)cc2C(F)(F)F
1.190051417759206,CC(C)(N)C(=O)N[C@H](COCc1ccc(F)cc1F)C(=O)N1CCC2=NN(CC(F)(F)F)C(=O)[C@]2(Cc2ccccn2)C1
1.190051417759206,CCCN1CCCC[C@H]1C(=O)Nc1c(C)cccc1C
1.190051417759206,O=S(=O)(Nc1ccc(C(F)(F)F)cc1)c1ccc2sc(CO)nc2c1
1.190051417759206,O=C(O)C1CSC(c2ccccc2Cl)N1C(=O)c1ccc(Cl)cc1
1.190051417759206,CC#C[C@@H](CC(=O)O)c1ccc(OCc2cccc(-c3ccc(C(F)(F)F)cc3)c2)cc1
1.190051417759206,C=CC(=O)Nc1ccc2ncnc(Nc3cccc(C)c3)c2c1
1.2041199826559248,COc1cccc2c1c(NS(=O)(=O)c1ccc(Cl)s1)nn2Cc1cccc(CNC(=O)[C@H]2COCCN2)c1
1.2100508498751372,CNC(=O)c1ccccc1Nc1nc(Nc2ccc(N3CCOCC3)cc2OC)ncc1Cl
1.2100508498751372,O=C(Nc1cc(-c2ccnc(Nc3ccccc3)c2)ccn1)C1CCOCC1
1.2201080880400552,Cc1sc2c(c1C)C(c1ccc(Cl)cc1)=N[C@@H](CC(=O)OC(C)(C)C)c1nnc(C)n1-2
1.2201080880400552,CCCc1nn(C)c2c(=O)[nH]c(-c3cc(S(=O)(=O)N4CCN(C)CC4)ccc3OCC)nc12
1.2299376859079338,CC(NC(C)(C)C)C(=O)c1cccc(Cl)c1
1.2400497721126476,C[C@]12CCC(=O)C=C1CC[C@@H]1[C@@H]2C(=O)C[C@@]2(C)[C@H]1CC[C@]2(O)C(=O)CO
1.2400497721126476,O=C(C1CCCCC1)N1CC(=O)N2CCc3ccccc3C2C1
1.2400497721126476,O=C(O)CC[C@@H](Cc1ccc(OCc2ccccc2)cc1)NC(=O)CCCCCCc1ccccc1
1.2400497721126476,Cc1ccc(-c2cc(C(F)(F)F)nn2-c2ccc(S(C)(=O)=O)cc2)cc1
1.249931756634195,Cc1c(-c2ccc(O)cc2)n(Cc2ccc(OCCN3CCCCCC3)cc2)c2ccc(O)cc12
1.249931756634195,C[C@H](CO)Nc1nc(SCc2cccc(F)c2F)nc2[nH]ncc12
1.249931756634195,Cc1ccc(-n2c(C)cc(/C=C3\SC(=O)NC3=O)c2C)cc1
1.2600713879850747,CC1CCC2C(C)C(=O)OC3OC4(C)CCC1C32OO4
1.2600713879850747,NS(=O)(=O)c1ccc(-n2nc(C(F)(F)F)cc2-c2ccc(C(F)(F)F)cc2)cc1
1.2600713879850747,NC1(c2ccc(-c3nc4ccccn4c3-c3ccccc3)cc2)CCC1
1.269979676645324,O=C(CN1CCOCC1)Nc1ccc(-c2cccc3c(=O)cc(N4CCOCC4)oc23)cc1O
1.269979676645324,Cc1c(Cl)cccc1S(=O)(=O)N1CCC[C@H](C(=O)NC2CCCCC2)C1
1.2798949800116382,COc1ccc(CCN2C(=O)N(NS(C)(=O)=O)C[C@@H]2c2ccc(OC)cc2)cc1
1.2798949800116382,Cc1noc(C)c1-c1ccc(CNS(=O)(=O)c2c(C)noc2C)cc1
1.2798949800116382,Nc1nc(-c2ccc(Cl)c(Cl)c2)c(-c2ccncc2)s1
1.2889196056617265,C[C@H](CO)Nc1nc(SCc2ccccc2)nc2[nH]c(=O)sc12
1.290034611362518,Cc1ccc(-c2cccc([S@]3(=O)=NC(=O)[C@H](C)N3)c2)cc1
1.290034611362518,NC1(c2ccc(-c3ncc4cccnc4c3-c3ccccc3)cc2)CCC1
1.2990712600274095,C[C@H](CO)Nc1nc(SCc2cccc(Cl)c2F)nc2[nH]c(=O)sc12
1.2999429000227671,O=C(CCCc1ccc2cccnc2n1)NCc1cc(-c2ccc(F)c(C(F)(F)F)c2)no1
1.2999429000227671,COc1cc(C(CO)CO)ccc1Nc1ncc(Cl)c(-c2cnc3ccccn23)n1
1.3010299956639813,COc1cccc2c1c(NS(=O)(=O)c1ccc(Cl)s1)nn2Cc1cccc(CNC(=O)[C@@H]2COCCN2)c1
1.3021143769562011,COc1cccc(Nc2c(C(N)=O)cnc3c(C)cc(S(=O)(=O)c4cccc(C(=O)N(C)C)c4)cc23)c1
1.3100557377508915,CC(C)C[C@H](CO)Nc1nc(SCc2ccccc2)nc2nc(N)sc12
1.330007700872759,O=C(O)CCc1ccc(OCc2cc(Cl)ccc2-c2ccccc2)cc1
1.330007700872759,C=CC(=O)Nc1ccc(C)cc1
1.3400473176613932,COc1ccc(CCN2C(=O)N(NS(C)(=O)=O)C[C@H]2c2ccc(OC)cc2)cc1
1.3404441148401183,C[C@H](Cc1cccc(CC(=O)NC23CC4CC(CC(C4)C2)C3)c1)NC[C@H](O)c1ccc(O)c(CO)c1
1.3500540935790304,CCC[C@H](CO)Nc1nc(S[C@@H](C)c2cccc(C#N)c2)nc2[nH]c(=O)sc12
1.3500540935790304,COC(=O)C1=C(C)NC(C)=C(C(=O)OC)C1c1ccccc1[N+](=O)[O-]
1.3600250891893975,COc1cc(-n2cnc3cc(-c4ccc(Cl)cc4)sc3c2=O)ccc1OC[C@H](O)C1CC1
1.3654879848908996,CCC1=C(C)CN(C(=O)NCCc2ccc(S(=O)(=O)NC(=O)N[C@H]3CC[C@H](C)CC3)cc2)C1=O
1.365862215402555,C[C@H](CO)Nc1nc(SCc2cccc(F)c2F)nc2[nH]c(=O)cnc12
1.369957607346053,CC(C)c1cc(C(=O)N2Cc3ccc(CN4CCN(C)CC4)cc3C2)c(O)cc1O
1.3800302479678306,COc1cc(C2CCN(C(C)=O)CC2)ccc1Nc1ncc(Cl)c(-c2cnc3ccccn23)n1
1.3900514964589874,FC(F)(F)Oc1ccc(-c2nnc(CCCCc3ccc4cccnc4n3)o2)cc1Cl
1.3900514964589874,O=c1cc(N2CCOCC2)nc2n(Cc3cccc(Cl)c3Cl)ccn12
1.3900514964589874,O=S(=O)(Nc1ccc2sc(CO)nc2c1)c1ccc(Br)cc1
1.4000196350651586,CCN(Cc1cc(C(F)(F)F)ccc1-c1cc(CC(=O)O)ccc1OC)C(=O)NCc1ccccc1
1.4000196350651586,CC(C)(C)c1cc(NC(=O)NCc2ccccc2Sc2ccc3nnc(-c4ccccc4SCCO)n3c2)n(-c2ccc(O)c(Cl)c2)n1
1.4000196350651586,C[C@@H]1CN(C(=O)[C@@H]2CN(C(C)(C)C)C[C@H]2c2ccc(F)cc2F)C[C@H](C)[C@@]1(O)c1ccccc1
1.4099331233312946,Cc1ccc(-c2cc(C(F)(F)F)nn2-c2ccc(S(N)(=O)=O)cc2)cc1
1.4099331233312946,CC(C)(C)NC(=O)[C@@H]1C[C@@H]2CCCC[C@@H]2CN1C[C@@H](O)[C@H](Cc1ccccc1)NC(=O)[C@H](CC(N)=O)NC(=O)c1ccc2ccccc2n1
1.4136349971985558,CCCCN(CCNCCc1ccc(O)c2[nH]c(=O)sc12)C(=O)CCOCCc1ccccc1
1.4199557484897578,COc1ccc(CCN(C)CCCC(C#N)(c2ccc(OC)c(OC)c2)C(C)C)cc1OC
1.4199557484897578,COc1ccccc1OCCNCC(O)COc1cccc2[nH]c3ccccc3c12
1.421768401206924,Cc1ccc(N2CC(COc3ccc(-c4noc(C)n4)cc3)C2)nn1
1.4300750555519393,C[C@@H]1CN[C@@H](C2CC2)C(=O)N(C)[C@H](C)C(=O)N[C@H](Cc2ccc(F)cc2)C(=O)NCCCc2ccccc2O1
1.4300750555519393,CC#C[C@]1(O)CC[C@H]2[C@@H]3CCC4=CC(=O)CCC4=C3[C@@H](c3ccc(N(C)C)cc3)C[C@@]21C
1.436162647040756,C[C@H](CO)Nc1nc(SCc2ccco2)nc2[nH]c(=O)sc12
1.4399639359209049,Cn1sc(=O)c2cc(S(N)(=O)=O)ccc21
1.4399639359209049,O=C(N[C@H](Cc1ccc(Cl)cc1)C(=O)N1CCC(Cn2cncn2)(C2CCCCC2)CC1)[C@H]1Cc2ccccc2CN1
1.4399639359209049,COc1cc(-c2cccc3c(=O)cc(N4CCOCC4)oc23)ccc1NC(=O)CN1CCOCC1
1.4499409887733377,CC(C)N1CCC(N(C(=O)Cc2ccccc2)c2ccc(Cl)cc2)CC1
1.4499409887733377,Cc1c(C)c2c(c(C)c1O)CCC(C)(COc1ccc(CC3SC(=O)NC3=O)cc1)O2
1.4599952560473914,CCN1CCN(c2ccc(Nc3cc(N(C)C(=O)Nc4c(Cl)c(OC)cc(OC)c4Cl)ncn3)cc2)CC1
1.4699692094999595,CCOc1noc2cc(OCCC3CCN(c4ccc(C)nn4)CC3)ccc12
1.4699692094999595,CCOc1cc(CC(=O)N[C@@H](CC(C)C)c2ccccc2N2CCCCC2)ccc1C(=O)O
1.478854967528663,C[C@H](CO)Nc1nc(SCc2ccccc2F)nc2[nH]c(=O)sc12
1.4800069429571507,Cc1noc2cc(N3CCN(C(=O)[C@@H]4CCCC[C@H]4C(=O)NC4(C#N)CC4)[C@H](C)C3)ccc12
1.4800069429571507,O=C(c1ccc(F)cc1)C1CCN(CCn2c(=O)[nH]c3ccccc3c2=O)CC1
1.4899584794248346,C=CC(=O)Nc1ccccc1
1.4899584794248346,CC(C)C[C@H](CO)Nc1nc(S[C@@H](C)c2ccccc2F)nc2nc(N)sc12
1.505149978319906,O=C(Cc1ccc(Cl)c(C(F)(F)F)c1)Nc1cccc2c(=O)n(CCO)ccc12
1.5100085129402347,Cc1ncc2n1-c1ccc(Cl)cc1C(c1ccccc1F)=NC2
1.5100085129402347,Cc1nn(-c2ccccc2)c(N)c1-c1ccccc1
1.5100085129402347,CCN(CC)Cc1cc(Nc2ccnc3cc(Cl)ccc23)ccc1O
1.5299434016586693,CC(C)(C)NC(=O)NCCN1CCN(CC(=O)NC23CC4CC(CC(C4)C2)C3)CC1
1.5399538416563967,CC(C)(C)c1ccc(C(O)CCCN2CCC(C(O)(c3ccccc3)c3ccccc3)CC2)cc1
1.5399538416563967,C[C@]12CC[C@H](O)CC1=CCC1C2CC[C@]2(C)C(n3cnc4ccccc43)=CCC12
1.5499836111596887,CCOc1ccc2ccc(=O)oc2c1
1.5499836111596887,N=c1c(S(=O)(=O)c2ccc(Cl)cc2)cc2c(=O)n3ccccc3nc2n1C1CCCC1
1.5600262489128924,Cc1cc(C)nc(Nc2cccc(C(F)(F)F)c2)n1
1.568201724066995,O=C(NCC12CC3CC(CC(C3)C1)C2)c1cc(-n2ncc(=O)[nH]c2=O)ccc1Cl
1.5800121125294244,CCCNCC(O)COc1ccccc1C(=O)CCc1ccccc1
1.5800121125294244,COc1ccc(-c2ccc3c(N4CCOC[C@@H]4C)nc(N4CCOC[C@@H]4C)nc3n2)cc1C(C)O
1.5800121125294244,C#CC[C@@H](C(=O)N[C@H](/C=C/C(=O)OCC)C[C@@H]1CCNC1=O)n1cccc(NC(=O)c2cc(C)on2)c1=O
1.5899496013257077,CCc1nc2cc(O)ccc2c(Oc2ccc(/C=C/C(=O)O)cc2)c1-c1ccccc1
1.5899496013257077,O=C1CC2(CCCC2)CC(=O)N1CCCCN1CCN(c2ncccn2)CC1
1.5899496013257077,O=C(O)C1(c2ccc(-c3ccc(Cl)c(Cl)c3)c(F)c2)CC1
1.599992177584098,Cc1ccccc1-n1c(Cn2nc(-c3ccc(O)c(F)c3)c3c(N)ncnc32)nc2cccc(C)c2c1=O
1.599992177584098,COc1ccc(/C=C2\NC(=O)NC2=O)cc1
1.6020599913279625,COc1cccc2c1c(NS(=O)(=O)c1ccc(Cl)s1)nn2Cc1cccc(CNC(=O)C(C)(C)O)c1
1.6100210246641453,CCOC(=O)/C=C/[C@H](C[C@@H]1CCNC1=O)NC(=O)[C@@H](CC(=O)[C@@H](NC(=O)c1cc(C)on1)C(C)C)Cc1ccc(F)cc1
1.6200318951262973,CNc1ncnc2c(CNc3cc(NC(=O)c4ccc5c(c4)OCCO5)ccc3C)cccc12
1.6283889300503116,O=S(=O)(CCCOCCc1ccccc1)CCNCCc1ccc(O)c2nc(O)sc12
1.63002085111341,Cc1ccc(-n2nc(C(C)(C)C)cc2NC(=O)Nc2ccc(OCCN3CCOCC3)c3ccccc23)cc1
1.63002085111341,Cc1ccc(CCNC(=O)c2ccc3sc(CO)nc3c2)cc1
1.6399842480415885,COCCOc1cc(-c2cccc3c(=O)cc(N4CCOCC4)oc23)ccc1NC(=O)CN1CCOCC1
1.6434526764861874,CN(C)S(=O)(=O)NC(=O)CCCc1c(-c2ccc(F)cc2)[nH]c2ccc(C#N)cc12
1.6600112212893308,CCOC(=O)C1=C(C)NC(C)=C(C(C)=O)[C@H]1c1cccc2c(=O)cc(C)oc12
1.6699673699085043,Nc1c(-c2ccccc2)nc(Cl)nc1-c1ccccc1
1.7000110623221123,CCc1c(C(=O)C(N)=O)c2c(OCC(=O)OC)cccc2n1Cc1ccccc1
1.7000110623221123,CO[C@H]1C[C@@H]2CC[C@@H](C)[C@@](O)(O2)C(=O)C(=O)N2CCCC[C@H]2C(=O)O[C@H]([C@H](C)C[C@@H]2CC[C@@H](O)[C@H](OC)C2)CC(=O)[C@H](C)/C=C(\C)[C@@H](O)[C@@H](OC)C(=O)[C@H](C)C[C@H](C)/C=C/C=C/C=C/1C
1.7100326990657535,CCOc1cc(-c2cccc3c(=O)cc(N4CCOCC4)oc23)ccc1NC(=O)CN1CCOCC1
1.7100326990657535,COc1ccccc1SC[C@@H](C)CN[C@@H]1COc2ccccc2SC1
1.7199938263676038,Cc1ccc(-c2cccc(-c3nn[nH]n3)c2)cc1
1.7399676967595095,CC/C(=C(/c1ccc(O)cc1)c1ccc(/C=C/C(=O)O)cc1)c1ccccc1
1.7399676967595095,COc1ccccc1-c1csc(-n2ncc(C#N)c2N)n1
1.7399676967595095,Clc1ccc(COc2ccc(Br)cc2CN2CCOCC2)cc1
1.7399676967595095,C[C@]12CC[C@H](O)CC1=CC[C@@H]1[C@@H]2CC[C@]2(C)C(c3cccnc3)=CC[C@@H]12
1.749968083509403,Clc1ccccc1CN1CCc2sccc2C1
1.7567121601647717,C[C@H](CS)C(=O)N1CCC[C@H]1C(=O)O
1.7800291273373383,Cc1cccc(-c2ccc(CNC(=O)CCCc3ccc4cccnc4n3)cc2)c1
1.7800291273373383,COc1ccc(CNC(=O)CSc2nc3cccnc3s2)cc1
1.7900035203904894,Nc1ccc2c(c1)Cc1cc(N)ccc1-2
1.806179973983887,O=C(O[C@H]1C[N+]2(CCCOc3ccccc3)CCC1CC2)C(O)(c1cccs1)c1cccs1
1.8100307864058396,CCNC(=O)OC1CCN(c2nncc3cc(OC)c(OC)cc23)CC1
1.8200043068083178,Cc1ccc(C)c(OCCCC(C)(C)C(=O)O)c1
1.8300109359361179,N#Cc1ccc(-c2ccc(NC(=O)Nc3ccc(-c4ccnc5[nH]cnc45)cc3)cc2)cc1
1.8699940001217419,NCCCCCc1c[nH]c2ccc(F)cc12
1.8899736384039962,O=C(Nc1nc2ccccc2s1)c1ccccc1
1.920018916028915,C=CCOc1cc(-c2cccc3c(=O)cc(N4CCOCC4)oc23)ccc1NC(=O)CN1CCOCC1
1.9400181550076632,O=C(O)Cc1ccccc1Nc1c(Cl)cccc1Cl
1.9400181550076632,CC(C)Oc1cc(-c2cccc3c(=O)cc(N4CCOCC4)oc23)ccc1NC(=O)CN1CCOCC1
1.9800033715837464,O=C(CN1CCOCC1)Nc1ccc(-c2cccc3c(=O)cc(N4CCOCC4)oc23)cc1OCC1CC1
1.9800033715837464,CC1(COc2cc(-c3cccc4c(=O)cc(N5CCOCC5)oc34)ccc2NC(=O)CN2CCOCC2)COC1
2.0100029741270595,COc1ccc(C)c(Nc2ncc3ccn(-c4ccccn4)c3n2)c1
2.090011024007147,O=c1ccc2ccc(O)cc2o1
2.0969100130080562,COCCOc1nc(N)c2[nH]c(=O)n(Cc3cccc(CC(=O)OC)c3)c2n1
2.0999912335446846,COC(=O)C1=C(C)NC(C)=C(C(=O)OC(C)C)[C@@H]1c1cccc2nonc12
2.109983294819892,O=C(O)CCc1ccc(OCc2cccc(Br)c2)cc1
2.1300119496719043,O=c1c2sccc2n(CC2COc3ccccc3O2)c(=O)n1O
2.1760912590556813,COc1cccc2c1c(NS(=O)(=O)c1ccc(Cl)s1)nn2Cc1cccc(CNC(C)=O)c1
2.1760912590556813,O=C(O)CCc1ccc(OCc2cccc(Oc3ccccc3)c2)cc1
2.1760912590556813,CCC(=O)O[C@]1(C(=O)SCF)[C@H](C)C[C@H]2[C@@H]3C[C@H](F)C4=CC(=O)C=C[C@]4(C)[C@@]3(F)[C@@H](O)C[C@@]21C
2.1760912590556813,CC(C)COc1cc(-c2cccc3c(=O)cc(N4CCOCC4)oc23)ccc1NC(=O)CN1CCOCC1
2.1760912590556813,C[C@H]1COCCN1c1nc(N2CCOC[C@@H]2C)c2ccc(-c3ccc4nc[nH]c(=O)c4c3)nc2n1
2.1760912590556813,NC1(c2ccc(-c3ncc4cnccc4c3-c3ccccc3)cc2)CCC1
2.1760912590556813,O=S(=O)(c1cccc2cnccc12)N1CCCNCC1
2.1760912590556813,C[C@]12CC[C@H]3[C@@H](CCC4=CC(=O)CC[C@@]43C)[C@@H]1CC[C@@H]2O
2.1760912590556813,CCOc1ccc2nc3ccc(=O)cc-3oc2c1
2.1760912590556813,COC(=O)C1=C(C)NC(C)=C(C(=O)OCCN(C)Cc2ccccc2)C1c1cccc([N+](=O)[O-])c1
2.1760912590556813,O=C1COC2(CCN(S(=O)(=O)c3ccc(-c4ccc5cnccc5c4)cc3)CC2)CN1C1CC1
2.1760912590556813,COC(=O)c1ccc(C)c(NS(=O)(=O)c2ccc3c(c2)c(=O)sn3C)c1
2.1760912590556813,CCC(=O)NC(c1cccs1)c1cc(Cl)c2cccnc2c1O
2.1760912590556813,N#CCC(CNc1ncc(C(F)(F)F)cc1Cl)OC(=O)c1c(F)cccc1F
0.47712125471966244,CCCCNC(=O)c1ccc(Oc2ccc(CC(=O)O)cc2OC)c(NS(=O)(=O)c2ccc(Cl)cc2Cl)c1
0.47712125471966244,CCS(=O)(=O)c1ccc(-c2cc(C(F)(F)F)ccc2OCC(=O)O)c(C)c1
0.47712125471966244,C[C@H]1CN(Cc2cc(Cl)ccc2OCC(=O)O)CCN1C(=O)Cc1ccccc1
0.47712125471966244,CCS(=O)(=O)c1ccc(-c2cc(Cl)ccc2OCC(=O)O)c(F)c1
0.47712125471966244,Cc1ccc(C(=O)Nc2ccc(CN3CCN(C)CC3)c(C(F)(F)F)c2)cc1C#Cc1cnc2cccnn12
0.47712125471966244,COC[C@H](O)Cn1c(=O)cnn(-c2ccc(Cl)c(C(=O)NCC3(O)CCCCCC3)c2)c1=O
0.47712125471966244,Cc1nn(-c2ccc(F)cc2)c(NS(=O)(=O)c2ccc(C(F)(F)F)cc2)c1C(=O)N[C@@H](C)C(C)(C)C
0.47712125471966244,NC(=O)c1cnc(-c2ccc(C3(N)CCC3)cc2)c(-c2ccccc2)c1
0.47712125471966244,CS(=O)(=O)N1CCc2c(-c3cnc(N)nc3)nc(N3CCOCC3)nc21
0.47712125471966244,Cn1c(=O)c2[nH]cnc2n(C)c1=O
0.47712125471966244,Cc1nn(-c2ccc(F)cc2)c(NS(=O)(=O)c2ccc(C#N)cc2)c1C(=O)N[C@@H](C)C(C)(C)C
0.47712125471966244,O=c1[nH]c2c(O)ccc([C@@H](O)CNCCSCCCNCCc3cccc(Cl)c3)c2s1
0.47712125471966244,COC[C@@H](O)Cn1c(=O)cnn(-c2ccc(Cl)c(C(=O)NCC3(O)CCCCCC3)c2)c1=O
0.47712125471966244,O=c1[nH]c2c(O)ccc([C@@H](O)CNCCSCCCNCCc3ccccc3)c2s1
0.47712125471966244,O=C(O)COc1ccc(Cl)cc1CN1CCN(S(=O)(=O)Cc2ccccc2)CC1
0.47712125471966244,COc1cc2ncnc(Nc3ccc(F)c(Cl)c3)c2cc1NC(=O)/C=C/CN1CCCCC1
0.47712125471966244,Cc1ccc(S(=O)(=O)Nc2c(C(=O)N[C@@H](C)C(C)(C)C)c(C)nn2C(C)C)cc1
0.47712125471966244,O=c1[nH]c2c(O)ccc([C@@H](O)CNCCc3cccc(CNCCc4ccccn4)c3)c2s1
0.47712125471966244,CCNC(=O)C[C@@H]1N=C(c2ccc(Cl)cc2)c2cc(OC)ccc2-n2c(C)nnc21
0.47712125471966244,Cc1cc(F)ccc1OC1CCN(CC2CCN([C@@](C)(Cc3ccc(F)cc3)C(=O)O)CC2)CC1
0.47712125471966244,COc1ccc(-c2cc3c(C)nc(N)nc3n([C@H]3CC[C@H](OCCO)CC3)c2=O)cn1
0.47712125471966244,CC1(C)[C@H](NC(=O)/C(=N\OCc2cc(=O)c(O)cn2O)c2csc(N)n2)C(=O)N1OS(=O)(=O)O
0.47712125471966244,O=C(O)C[C@H]1CC[C@H](c2ccc(-c3ccc(Nc4ccc(C(F)(F)F)nc4)cn3)cc2)CC1
0.47712125471966244,Cc1nnc(C)c2cc(N3CCN(C(=O)[C@@H]4CCCC[C@H]4C(=O)NC4(C#N)CC4)[C@H](C)C3)ccc12
0.47712125471966244,CC(C)NCC(O)COc1ccc(CCOCC2CC2)cc1
0.47712125471966244,CCC(CC)NC(=O)c1c(C)nn(-c2ccccc2)c1NS(=O)(=O)c1ccc(C)cc1
0.47712125471966244,N#Cc1ccc(OC2CCN(C[C@H](O)CNC(=O)c3c[nH]c(=O)c4ccccc34)CC2)cc1Cl
0.47712125471966244,CC(C)N1CCN(Cc2cnc(-c3cc(-c4cccc5[nH]ccc45)cc4[nH]ncc34)o2)CC1
0.47712125471966244,Nc1cc(C(F)(F)F)c(-c2cc(N3CCOCC3)nc(N3CCOCC3)n2)cn1
0.47712125471966244,NC1(c2ccc(-c3ncc4nccn4c3-c3ccccc3)cc2)CCC1
0.47712125471966244,O=c1[nH]c2c(O)ccc([C@@H](O)CNCCSCCCNCCc3cccc(Cl)c3Cl)c2s1
0.47712125471966244,Cc1nn(-c2ccccc2)c(NC(=O)NS(=O)(=O)c2ccc(Cl)cc2)c1C#N
0.47712125471966244,O=c1[nH]c2c(O)ccc([C@@H](O)CNCCc3cccc(CNCCc4ccccc4F)c3)c2s1
0.47712125471966244,Cc1oncc1C(=O)Nc1ccc(C(F)(F)F)cc1
0.47712125471966244,CC[C@H](C)C(=O)O[C@H]1C[C@H](O)C=C2C=C[C@H](C)[C@H](CC[C@@H](O)C[C@@H](O)CC(=O)O)[C@H]21
0.47712125471966244,Oc1nc2ccccc2n1C1CCN(Cc2ccc(-c3nc4ccccc4cc3-c3ccccc3)cc2)CC1
0.47712125471966244,C=CC(=O)Nc1ccc(F)cc1
0.47712125471966244,O=C(Nc1ccc(Cl)c(S(=O)(=O)N2CCNCC2)c1O)Nc1cccc(F)c1Cl
0.47712125471966244,CC1(CCCc2cc(=O)oc3[nH]c(=O)[nH]c(=O)c23)CC1
0.47712125471966244,CC(C(=O)O)c1cccc(C(=O)c2ccccc2)c1
0.47712125471966244,CCCNC(=O)CSc1ccc(S(=O)(=O)N2CCCC2)cn1
0.47712125471966244,O=c1[nH]c2c(O)ccc([C@@H](O)CNCCCOCCOCCc3ccccc3)c2s1
0.47712125471966244,Cc1ccc(NC(=O)c2cccc(N(C)S(C)(=O)=O)c2)cc1NC(=O)c1ccc2ncccc2c1
0.47712125471966244,C[N+]1(C)[C@@H]2C[C@@H](OC(=O)C(O)(c3cccs3)c3cccs3)C[C@H]1[C@@H]1O[C@@H]12
0.47712125471966244,Cc1nccn1CC1CCc2c(c3ccccc3n2C)C1=O
0.47712125471966244,O=CNc1cc([C@@H](O)CNCCc2ccc(NC[C@H](O)c3ccccc3)cc2)ccc1O
0.47712125471966244,CC(=O)CC(c1ccccc1)c1c(O)c2ccccc2oc1=O
0.47712125471966244,CCN(C(=O)c1ccc(-c2ccc(Cl)cc2)o1)c1ccc(N2CCNCC2)cc1
0.47712125471966244,O=C(Nc1ccc(N2CCNCC2)cc1)c1ccc(-c2ccc(Cl)cc2)o1
0.47712125471966244,CNC(=C[N+](=O)[O-])NCCSCc1ccc(CN(C)C)o1
0.47712125471966244,NS(=O)(=O)c1cc(C(=O)O)c(NCc2ccco2)cc1Cl
0.47712125471966244,COc1nc(C)nc(Cl)c1NC1=NCCN1
0.47712125471966244,CCC1(C2=NCCN2)Cc2ccccc2O1
0.47712125471966244,CC1CNC(Nc2c(Cl)cccc2Cl)=N1
0.47712125471966244,O=c1[nH]c2c(O)ccc([C@@H](O)CNCCc3ccc(CNCCc4ccccn4)cc3)c2s1
0.47712125471966244,CNC(=O)c1ccc(C)c(-n2c(C)cc(OCc3ccc(F)cc3F)c(Br)c2=O)c1
0.47712125471966244,COc1ccc(OC)c(C(O)CN)c1
0.47712125471966244,N#Cc1ccc(C(c2ccc(C#N)cc2)n2cncn2)cc1
0.47712125471966244,COc1ccnc(CCc2nc3c(C)ccnc3[nH]2)c1
0.47712125471966244,O=C(O)[C@H](Cc1ccccc1F)N1CCC(CN2CCC(Oc3ccc(Cl)c(Cl)c3)CC2)CC1
0.47712125471966244,Cc1c(Oc2ccc(Cl)cc2)c2c(NS(C)(=O)=O)cccc2n1CC(=O)O
0.47712125471966244,Cc1ccc2c(c1)c(Sc1ccc(S(C)(=O)=O)cc1)c(C)n2CC(=O)O
0.47712125471966244,Cc1c(S(=O)(=O)c2ccc(Cl)cc2)c2c(NS(C)(=O)=O)cccc2n1CC(=O)O
0.47712125471966244,COc1ccc(OC)c(C(O)CNC(=O)CN)c1
0.47712125471966244,CC(C)NC[C@@H](C(=O)N1CCN(c2ncnc3c2[C@H](C)C[C@H]3O)CC1)c1ccc(Cl)cc1
0.47712125471966244,N#CC1(NC(=O)[C@@H]2CCCC[C@H]2C(=O)N2CCN(c3nc4c(s3)COCC4)CC2)CC1
0.47712125471966244,CS(=O)(=O)c1ccc2nc(N3CCN(C(=O)[C@@H]4CCCC[C@H]4C(=O)NC4(C#N)CC4)CC3)sc2c1
0.47712125471966244,N#CC1(NC(=O)[C@@H]2CCCC[C@H]2C(=O)N2CCN(c3nc4cnccc4s3)CC2)CC1
0.47712125471966244,NC1(c2ccc(-c3c(-c4ccccc4)ccn4ncnc34)cc2)CCC1
0.47712125471966244,COc1ccc(N2CCN(C(=O)[C@@H]3CCCC[C@H]3C(=O)NC3(C#N)CC3)[C@H](C)C2)cc1OC
0.47712125471966244,NC1(c2ccc(-c3ncc4cccn4c3-c3ccccc3)cc2)CCC1
0.47712125471966244,Cc1cc(CC(=O)O)n(C)c1C(=O)c1ccc(Cl)cc1
0.47712125471966244,Nc1ncc(-c2ccc(S(=O)(=O)N3CCCC3)cc2)nc1C(=O)Nc1cccnc1
0.47712125471966244,O=C1CN(/N=C/c2ccc([N+](=O)[O-])o2)C(=O)N1
0.47712125471966244,CC(=O)C[C@@H](c1ccccc1)c1c(O)c2ccccc2oc1=O
0.47712125471966244,N#Cc1ccccc1CSc1nc(O)cc(O)n1
0.47712125471966244,CC1(C)[C@H](C(=O)O)N2C(=O)C[C@H]2S1(=O)=O
0.47712125471966244,CS(=O)(=O)C1(c2cc(N3CCOCC3)nc(-c3cccc4[nH]ncc34)n2)CC1
0.47712125471966244,NC(=O)COc1cc(-c2cccc3c(=O)cc(N4CCOCC4)oc23)ccc1NC(=O)CN1CCOCC1
0.47712125471966244,N#Cc1ccc(C[C@@H](C(=O)O)N2CCC(CN3CCC(Oc4ccc(Cl)c(Cl)c4)CC3)CC2)cc1
0.47712125471966244,CCN1CCN(C(=O)N[C@@H](C(=O)N[C@@H]2C(=O)N3C(C(=O)O)=C(CSc4nnnn4C)CS[C@H]23)c2ccc(O)cc2)C(=O)C1=O
0.47712125471966244,Cc1cc(OC2CCN(CC3CCN([C@@](C)(Cc4ccc(F)cc4)C(=O)O)CC3)CC2)ccc1Cl
0.47712125471966244,Cc1nn(C2CCOCC2)c(NS(=O)(=O)c2ccc(C3CC3)cc2)c1C(=O)N[C@@H](C)C(C)(C)C
0.47712125471966244,O=C(O)COc1ccc(Cl)cc1CN1CCN(S(=O)(=O)c2ccc(F)cc2)CC1
0.47712125471966244,O=C(O)COc1ccc(Cl)cc1CN1CCN(S(=O)(=O)c2ccccc2)CC1
0.47712125471966244,N#Cc1cccc(-c2cc(C(F)(F)F)ccc2OCC(=O)O)c1
0.47712125471966244,C[C@H]1CN(Cc2cc(Cl)ccc2OCC(=O)O)CCN1C(=O)Cc1ccc(Cl)cc1
0.47712125471966244,N=C(N)NC(=O)c1nc(Cl)c(N)nc1N
0.47712125471966244,Cc1c(OC2CCN(CC3CCN([C@@H](Cc4ccc(F)cc4)C(=O)O)CC3)CC2)ccc(C#N)c1Cl
0.47712125471966244,O=C(CO)N1CCC(c2[nH]nc(-c3ccc(Cl)cc3F)c2-c2ccncn2)CC1
0.47712125471966244,Cc1cc(-c2ccc(Cl)c(C(=O)NCC3(O)CCCCCC3)c2)nn1C[C@H](O)CN
0.47712125471966244,O=C(NCC1(O)CCCCCC1)c1cc(-n2ncc(=O)[nH]c2=O)ccc1Cl
0.47712125471966244,C[C@H]1CN(Cc2cc(Cl)ccc2OCC(=O)O)CCN1C(=O)Cc1ccc(F)cc1
0.47712125471966244,CCCCOc1nc(N)c2[nH]c(=O)n(Cc3cccc(CC(=O)O)c3)c2n1
0.47712125471966244,O=C(O)Cc1cccc(N2CCC(CN3CCC(Oc4ccc(Cl)c(Cl)c4)CC3)CC2)c1
0.47712125471966244,C[C@H]1CN(Cc2cc(Cl)ccc2OCC(=O)O)CCN1S(=O)(=O)c1ccccc1
0.47712125471966244,C[C@H]1COc2c(N3CCN(C)CC3)c(F)cc3c(=O)c(C(=O)O)cn1c23.C[C@H]1COc2c(N3CCN(C)CC3)c(F)cc3c(=O)c(C(=O)O)cn1c23.O
0.47712125471966244,CCS(=O)(=O)Nc1cccc2c1c(Oc1ccc(Cl)cc1)c(C)n2CC(=O)O
0.47712125471966244,Cc1ncc([N+](=O)[O-])n1CCO
0.47712125471966244,CCS(=O)(=O)c1ccc(Oc2c(C)n(CC(=O)O)c3ccc(C(F)(F)F)cc23)cc1
0.47712125471966244,O=C(O)COc1ccc(C(F)(F)F)cc1CN1CCN(S(=O)(=O)c2ccccc2)CC1
0.47712125471966244,Cc1nn(C)c2ccc(N3CCN(C(=O)[C@@H]4CCCC[C@H]4C(=O)NC4(C#N)CC4)[C@H](C)C3)cc12
0.47712125471966244,CC1(C)S[C@@H]2[C@H](NC(=O)[C@H](N)c3ccc(O)cc3)C(=O)N2[C@H]1C(=O)O
0.47712125471966244,CCS(=O)(=O)CCCC12CCC(c3nnc(-c4ccccc4C(F)(F)F)n3C)(CC1)CC2
