LOG RH_CLint (uL/min/1E6 cells),canonical_smiles
0.4899584794248346,COc1ccc(NC(=O)CCc2c(C)nc3nc(C)nn3c2C)cc1
0.49968708261840383,COc1cc2nccc(Oc3ccc(NC(=O)C4(C(=O)Nc5ccc(F)cc5)CC4)cc3)c2cc1OC
0.5105450102066121,CC[C@@]1(O)C(=O)OCc2c1cc1n(c2=O)Cc2cc3c(CN(C)C)c(O)ccc3nc2-1
0.5198279937757188,O=C(NS(=O)(=O)c1ccccc1Cl)c1ccc[nH]1
0.5301996982030822,COc1cc2c(cc1-c1c(C)noc1C)ncc1[nH]c(=O)n([C@H](C)c3ccccn3)c12
0.5301996982030822,Cc1cn([C@H]2CCCN([C@H](C)c3ccc(C(=O)O)c(Oc4cccc(Cl)c4)c3)C2)c(=O)[nH]c1=O
0.5301996982030822,CC1(C)S[C@@H]2[C@H](NC(=O)C(C(=O)O)c3ccccc3)C(=O)N2[C@H]1C(=O)O
0.5599066250361125,COc1ccc(Cc2c(N)n[nH]c2N)cc1
0.5797835966168101,Cc1nc2ccc(-c3ccc(Cl)cc3)cc2c(=O)n1C[C@H]1CCCN(C(C)C)C1
0.5877109650189114,Cc1cc(OC2CCN(CC3CCN([C@@H](Cc4ccc(F)cc4)C(=O)O)CC3)CC2)ccc1Cl
0.6020599913279624,CCS(=O)(=O)c1ccc(-c2cc(C(F)(F)F)ccc2OCC(=O)O)c(C)c1
0.6020599913279624,O=C(NCC12CC3CC(CC(C3)C1)C2)c1cc(CN2CCNCC2)ccc1Cl
0.6020599913279624,C[C@H]1CN(Cc2cc(Cl)ccc2OCC(=O)O)CCN1C(=O)Cc1ccccc1
0.6020599913279624,Cc1ccc(S(=O)(=O)Nc2c(C(=O)N[C@@H](C)C(C)(C)C)c(C)nn2C2CCS(=O)(=O)CC2)cc1
0.6020599913279624,CC[C@H]1CN(Cc2cc(Cl)ccc2OCC(=O)O)CCN1S(=O)(=O)c1ccccc1
0.6020599913279624,CCOc1nc2ccc(OCCC3CCN(c4ccc(C)nn4)CC3)cc2o1
0.6020599913279624,O=C(NCC12CC3CC(CC(C3)C1)C2)c1ccnc(NCC2CCNCC2)c1Cl
0.6201360549737576,CCOc1ccc(NC(=O)CCc2c(C)nc3nc(C)nn3c2C)cc1
0.6201360549737576,O=C1NC(=O)/C(=C/c2ccc3c(c2)OC(F)(F)O3)S1
0.6273658565927327,CCS(=O)(=O)c1ccc(-c2cc(Cl)ccc2OCC(=O)O)c(F)c1
0.6404814369704218,O=c1c2ccccc2[nH]n1Cc1c[nH]c2ccccc12
0.670245853074124,Cc1ccc(C(=O)Nc2ccc(CN3CCN(C)CC3)c(C(F)(F)F)c2)cc1C#Cc1cnc2cccnn12
0.6803355134145632,CS(=O)(=O)c1ccc(-c2cnc(N)c(-c3ccc(C(F)(F)F)nc3)c2)cc1
0.6803355134145632,CC(C)(O)c1ccc(Nc2nc3ccc(C#N)cc3[nH]2)cc1
0.6803355134145632,C[C@@H](O)[C@H]1C(=O)N2C(C(=O)O)=C(SC3CN(C4=NCCS4)C3)[C@H](C)[C@H]12
0.6989700043360189,COC[C@H](O)Cn1c(=O)cnn(-c2ccc(Cl)c(C(=O)NCC3(O)CCCCCC3)c2)c1=O
0.6989700043360189,N#Cc1cccc(-c2cc(Cl)ccc2OCC(=O)O)c1
0.6989700043360189,CC(C)(C)NS(=O)(=O)c1cncc(-c2ccc3nc(NC(=O)NCC(=O)N4CCOCC4)nn3c2)c1
0.6989700043360189,Cc1ccc(S(=O)(=O)Nc2c(C(=O)N[C@@H](C)C(C)(C)C)c(C)nn2C2CCSCC2)cc1
0.6989700043360189,Cc1c(Sc2ccc(Cl)cc2)c2c(NS(C)(=O)=O)cccc2n1CC(=O)O
0.6989700043360189,O=C(O)COc1ccc(Cl)cc1CN1CCCN(S(=O)(=O)c2ccccc2)CC1
0.6989700043360189,Cc1ccc(S(=O)(=O)Nc2c(C(=O)NC3CCCCC3C)cnn2-c2ccccc2)cc1
0.6998377258672457,CCc1cc2c(cc1N1CCC(N3CCOCC3)CC1)C(C)(C)c1[nH]c3cc(C#N)ccc3c1C2=O
0.6998377258672457,Cc1nn(-c2ccc(F)cc2)c(NS(=O)(=O)c2ccc(C(F)(F)F)cc2)c1C(=O)N[C@@H](C)C(C)(C)C
0.7101173651118162,N#CCNC(=O)c1ccc(-c2ccnc(Nc3ccc(N4CCOCC4)cc3)n2)cc1
0.7101173651118162,NC(=O)c1cnc(-c2ccc(C3(N)CCC3)cc2)c(-c2ccccc2)c1
0.7101173651118162,COc1ccc2nc(C)cc(-n3cc(CN4CCN(C(C)=O)CC4)nn3)c2c1
0.7101173651118162,N[C@@H]1CCCN(c2ccccc2/C=C2\SC(=O)NC2=O)C1
0.7201593034059569,CC(NC(=O)c1cc(O)nc2ccccc12)c1ccccc1
0.7201593034059569,N#Cc1cnc(N2CCN(C(=O)[C@@H]3CCCC[C@H]3C(=O)NC3(C#N)CC3)CC2)s1
0.7234556720351858,CCC(CC)NC(=O)c1cnn(-c2ccccc2)c1NS(=O)(=O)C1CCCC1
0.7299742856995556,CS(=O)(=O)N1CCc2c(-c3cnc(N)nc3)nc(N3CCOCC3)nc21
0.7403626894942439,O=C(Nc1ncc(F)s1)C(CC1CCOCC1)c1ccc(S(=O)(=O)C2CC2)cc1
0.7403626894942439,CCn1nc(C)c(C(=O)N[C@@H](C)C(C)(C)C)c1NS(=O)(=O)c1ccc(C)cc1
0.7596678446896306,Cn1c(=O)c2[nH]cnc2n(C)c1=O
0.7626785637274363,CCN(C(=O)Cc1ccc(S(C)(=O)=O)cc1)C1CCN(CC[C@H](c2ccc(S(C)(=O)=O)cc2)c2cc(F)cc(F)c2)CC1
0.7781512503836436,O=C(O)CCn1c2c(c3ccccc31)C[C@H](NS(=O)(=O)c1ccc(F)cc1)CC2
0.7781512503836436,CC(C)(C)NC(=O)c1ccc(Oc2cc(F)c(CC(=O)O)cc2Cl)c(NS(=O)(=O)c2ccc(C3CC3)cc2Cl)c1
0.7781512503836436,Cc1ccc(NC(=O)c2cccc(N3CCOCC3)c2)cc1-n1cnc2ccc(N3CCN(C)CC3)cc2c1=O
0.7781512503836436,Cc1nn(-c2ccc(F)cc2)c(NS(=O)(=O)c2ccc(C#N)cc2)c1C(=O)N[C@@H](C)C(C)(C)C
0.7781512503836436,Cc1ccc(N2CC(COc3ccc(-c4noc(C)n4)cc3)C2)nn1
0.7781512503836436,C[C@@H](C(=O)NCCN1CCCC1)c1ccc(OS(=O)(=O)C(F)(F)F)cc1
0.7781512503836436,O=c1[nH]c2c(O)ccc([C@@H](O)CNCCSCCCNCCc3cccc(C(F)(F)F)c3)c2s1
0.7781512503836436,O=C([C@@H]1CCCN1)N1CCN(c2nc(NCc3ccc(Cl)cc3Cl)c3cccnc3n2)CC1
0.7902851640332417,Cc1ccc(S(=O)(=O)N2N=Cc3ccccc3B2O)cc1
0.7902851640332417,Cc1cc(Nc2nc(N[C@@H](C)c3ccc(F)cn3)c(C#N)cc2Cl)n[nH]1
0.7902851640332417,Cn1c(=O)c(-c2c(Cl)cccc2Cl)cc2cnc(Nc3ccc(F)cc3)nc21
0.8000293592441343,Cc1c(F)cc(C(=O)NC2CC2)cc1-c1ccc(C(=O)NCC(C)(C)C)cn1
0.8000293592441343,CCNC(=O)C[C@H]1N=C(c2ccc(Cl)cc2)c2cc(OC)ccc2-n2c(C)nnc21
0.8000293592441343,COc1c(Nc2ccc(S(C)(=O)=O)nc2C)ncnc1OC1CCN(C(=O)OC(C)C)CC1
0.8202014594856403,CCCCNC(=O)NS(=O)(=O)c1ccc(C)cc1
0.8202014594856403,N#CC1(NC(=O)[C@@H]2CCCC[C@H]2C(=O)N2CCN(c3nc4ccncc4s3)CC2)CC1
0.829946695941636,CN1CCN(CC(=O)N2c3ccccc3C(=O)Nc3cccnc32)CC1
0.829946695941636,COc1ccc2nc(C)cc(-n3cc(CNC(C)=O)nn3)c2c1
0.8401060944567578,CCCC(=O)Nc1ccc(OCC(O)CNC(C)C)c(C(C)=O)c1
0.8401060944567578,CCOc1ccc(-c2ccc(Cn3c(CC(C)(C)C(=O)O)c(SC(C)(C)C)c4cc(OCc5ccc(C)cn5)ccc43)cc2)cn1
0.8450980400142568,O=c1[nH]c2c(O)ccc([C@@H](O)CNCCSCCCNCCc3cccc(Cl)c3)c2s1
0.8450980400142568,Cc1ccc(S(=O)(=O)Nc2c(C(=O)NC(C)C(C)(C)C)c(C)nn2-c2ccccc2)cc1
0.8450980400142568,CCC(CC)NC(=O)c1cn(-c2ccccc2)nc1NS(=O)(=O)c1ccc(C)cc1
0.8450980400142568,CC(CO)(CO)Nc1nc(SCc2cccc(F)c2F)nc2nc(N)sc12
0.8450980400142568,O=C(O)c1cncc(-c2ccc(Cl)c(C(=O)NCC34CC5CC(CC(C5)C3)C4)c2)c1
0.8450980400142568,CC1CN(S(=O)(=O)c2ccccc2)CCN1Cc1cc(Cl)ccc1OCC(=O)O
0.850033257689769,C[C@H](c1nc2ncccc2c(=O)n1-c1ccc(Cl)cc1)N(CC1CCS(=O)(=O)CC1)C(=O)Cc1ccc(C(F)(F)F)c(F)c1
0.8518696007297664,O=C(O)C[C@H](O)C[C@H](O)/C=C/c1c(C2CC2)nc2ccccc2c1-c1ccc(F)cc1
0.8573324964312685,O=C(NCC12CC3CC(CC(C3)C1)C2)c1ccnc(N2CCNCC2)c1Cl
0.859738566197147,C[C@@H]1Cc2c([nH]c3cc(Cl)c(F)cc23)[C@]2(N1)C(=O)Nc1ccc(Cl)cc12
0.865103974641128,Cc1ccc(C(=O)c2ccc(CC(=O)O)n2C)cc1
0.8739015978644614,C[C@@H]1CN(Cc2cc(Cl)ccc2OCC(=O)O)CCN1S(=O)(=O)c1ccccc1
0.8802417758954804,CCC(=O)N[C@H]1CC[C@@H](C(=O)N(C)c2ccc(-c3nc4ccccc4o3)cc2)C1
0.8998205024270963,O=C1Nc2ccccc2B(O)N1c1ccccc1
0.8998205024270963,Cn1c(-c2ccccc2C(F)(F)F)nnc1C12CCC(c3noc(-c4ccc(F)cc4)n3)(CC1)CC2
0.9030899869919435,COC[C@@H](O)Cn1c(=O)cnn(-c2ccc(Cl)c(C(=O)NCC3(O)CCCCCC3)c2)c1=O
0.9030899869919435,Cc1ccc(S(=O)(=O)Nc2c(C(=O)N[C@H](C)C(C)(C)C)c(C)nn2-c2ccccc2)cc1
0.9030899869919435,Cc1ccc(S(=O)(=O)Nc2c(C(=O)N[C@@H](C)C(C)(C)C)c(C)nn2C2CCCCC2)cc1
0.9030899869919435,Cc1ccc(S(=O)(=O)Nc2c(C(=O)N[C@@H](C)C(C)(C)C)c(C)nn2C2CCCC2)cc1
0.9030899869919435,O=C(NCCc1ccccc1Cl)c1cc(-n2ncc(=O)[nH]c2=O)ccc1Cl
0.9030899869919435,CNS(=O)(=O)Cc1ccc2[nH]cc(CCN(C)C)c2c1
0.9030899869919435,CCOc1ccc(CCNCCCSCCNC[C@H](O)c2ccc(O)c3[nH]c(=O)sc23)cc1
0.9030899869919435,COc1ccc(N(C(=O)c2occc2CO)C(C(=O)NC[C@@H](C)O)c2ccccc2F)c(OC)c1
0.9030899869919435,N#Cc1cccc(NCC(=O)Nc2c(Cl)ccc3nc(N4CC[C@@H](O)C4)ccc23)c1
0.9100905455940682,CCOc1noc2cc(OCCC3CCN(c4ccc(C)nn4)CC3)ccc12
0.9100905455940682,Cc1nn(C)c2cc(N3CCN(C(=O)[C@@H]4CCCC[C@H]4C(=O)NC4(C#N)CC4)[C@H](C)C3)ccc12
0.9299295600845878,N#Cc1ccc2c(c1)N(CCN1CCC(NCc3ccc4c(n3)NC(=O)CO4)CC1)C(=O)CO2
0.9299295600845878,Cc1cc(NS(=O)(=O)c2ccc(Cl)cc2)no1
0.9400181550076633,CCCCC1C(=O)N(c2ccccc2)N(c2ccccc2)C1=O
0.9400181550076633,C[C@H]1Cc2c([nH]c3cc(Cl)c(F)cc23)[C@@]2(N1)C(=O)Nc1ccc(Cl)cc12
0.9498777040368748,N[C@@H]1CCCN(c2c(/C=C3\SC(=O)NC3=O)cccc2-c2ccncc2)C1
0.9542425094393249,O=c1[nH]c2c(O)ccc([C@@H](O)CNCCSCCCNCCc3ccccc3)c2s1
0.9542425094393249,O=C(O)COc1ccc(Cl)cc1CN1CCN(S(=O)(=O)Cc2ccccc2)CC1
0.9542425094393249,O=C(NCC12CC3CC(CC(C3)C1)C2)c1cc(CN2CC3CNCC(C2)O3)ccc1Cl
0.9542425094393249,O=C(O)Cc1ccc(N2CCC(CN3CCC(Oc4ccc(Cl)c(Cl)c4)CC3)CC2)cc1
0.9542425094393249,C[C@H]1CN(Cc2cc(Cl)ccc2CC(=O)O)CCN1S(=O)(=O)Cc1ccccc1
0.9547247909790629,CCCCC1=NC2(CCCC2)C(=O)N1Cc1ccc(-c2ccccc2-c2nnn[nH]2)cc1
0.9599948383284161,Cc1cn([C@H]2CCCN([C@H](CC(C)C)c3ccc(C(=O)O)c(Oc4cccc(Cl)c4)c3)C2)c(=O)[nH]c1=O
0.9599948383284161,O=C(Nc1ccccc1F)N[C@H]1N=C(c2ccccc2)c2ccccc2NC1=O
0.9698816437465,Cc1noc2cc(N3CCN(C(=O)[C@@H]4CCCC[C@H]4C(=O)NC4(C#N)CC4)[C@H](C)C3)ccc12
0.9800033715837464,Cc1cn([C@H]2CCCN([C@@H](CC(C)C)c3ccc(C(=O)O)c(Oc4cccc(Cl)c4)c3)C2)c(=O)[nH]c1=O
0.9800033715837464,CN(C)CC[C@H](CSc1ccccc1)Nc1ccc(S(=O)(=O)NC(=O)c2ccc(N3CCN(Cc4ccccc4-c4ccc(Cl)cc4)CC3)cc2)cc1[N+](=O)[O-]
0.989894563718773,COc1cc(-n2cnc3cc(-c4ccc(Cl)cc4)sc3c2=O)ccc1OC[C@H](O)C1CC1
0.989894563718773,C#Cc1cccc(Nc2ncnc3cc(OCCOC)c(OCCOC)cc23)c1
0.989894563718773,COc1cc2ncnc(Nc3ccc(F)c(Cl)c3)c2cc1NC(=O)/C=C/CN1CCCCC1
0.989894563718773,CC1(C)CCC(c2ccc(Cl)cc2)=C(CN2CCN(c3ccc(C(=O)NS(=O)(=O)c4ccc(N[C@H](CCN5CCOCC5)CSc5ccccc5)c(S(=O)(=O)C(F)(F)F)c4)cc3)CC2)C1
0.9912260756924949,N#Cc1ccc2[nH]c(-c3ccc(F)cc3)c(CCCC(=O)NS(=O)(=O)C(F)(F)F)c2c1
0.9947569445876282,O=C([C@H]1CCCCN1)N1CCN(c2nc(NCc3ccc(Cl)cc3Cl)c3cccnc3n2)CC1
0.9956351945975499,COCCC(C)n1nc(C)c(C(=O)N[C@@H](C)C(C)(C)C)c1NS(=O)(=O)c1ccc(C)cc1
0.9978230807457255,CCC(CC)NC(=O)c1cnn(-c2ccccn2)c1NS(=O)(=O)c1ccc(C)cc1
1.0,Cc1ccc(S(=O)(=O)Nc2c(C(=O)N[C@@H](C)C(C)(C)C)c(C)nn2C(C)C)cc1
1.0,O=c1[nH]c2c(O)ccc([C@@H](O)CNCCc3cccc(CNCCc4ccccn4)c3)c2s1
1.0,Cc1c(Cc2ccc3ccccc3n2)c2cc(F)ccc2n1CC(=O)O
1.0,CC(C)c1nc2ccccc2n1-c1nc(N2CCOCC2)c2nc(OC3CN(C4CCS(=O)(=O)CC4)C3)n(C)c2n1
1.0,Cc1nn(-c2ccccc2)c(NS(=O)(=O)c2cccc(CN3CCOCC3)c2)c1C(=O)N[C@@H](C)C(C)(C)C
1.0,COCc1c(C(C)C)nc(C(C)C)c(/C=C/[C@@H](O)C[C@@H](O)CC(=O)O)c1-c1ccc(F)cc1
1.0,Cc1cc(OCCCS(C)(=O)=O)cc(C)c1-c1cccc(COc2ccc3c(c2)OC[C@H]3CC(=O)O)c1
1.0,CCC[C@H]1CN(Cc2cc(Cl)ccc2OCC(=O)O)CCN1S(=O)(=O)c1ccccc1
1.0086001717619175,Cc1cccc(CN2CCC3(CC2)CCN(C(=O)c2ccccc2)CC3)c1
1.0098756337121602,CCNC(=O)C[C@@H]1N=C(c2ccc(Cl)cc2)c2cc(OC)ccc2-n2c(C)nnc21
1.0098756337121602,Cc1ccc(-c2nc3ccccc3[nH]2)cc1NC(=O)c1ccc(OCc2ccccn2)cc1
1.0098756337121602,O=C(O)c1cc(-c2ccc(F)cc2F)ccc1O
1.0199466816788423,CN[C@@H](C)C(=O)N[C@H](C(=O)N1CC[C@H]2CCN(CCc3ccccc3)C[C@H]21)C1CCCCC1
1.0199466816788423,COc1nc(N)nc2c1ncn2[C@@H]1O[C@H](CO)[C@@H](O)[C@H]1O
1.0199466816788423,Cc1nc2ccc(Oc3ccc(F)cc3)cc2c(=O)n1C[C@H]1CCCN(C(C)C)C1
1.0265332645232967,Cc1cc(F)ccc1OC1CCN(CC2CCN([C@@](C)(Cc3ccc(F)cc3)C(=O)O)CC2)CC1
1.0301947853567512,COc1ccc(-c2cc3c(C)nc(N)nc3n([C@H]3CC[C@H](OCCO)CC3)c2=O)cn1
1.0334237554869496,CC(=O)Nc1ccc(O)cc1
1.0398105541483504,O=C(O)c1cc2ccccc2[nH]1
1.0413926851582251,O=C(Cc1ccc(Cl)c(C(F)(F)F)c1)Nc1cccc2c(=O)n(CCO)ccc12
1.0413926851582251,CN1CCC(Oc2cccc3ncnc(Nc4ccc(OCc5ccccn5)c(Cl)c4)c23)CC1
1.0413926851582251,CCCCc1oc2ccccc2c1C(=O)c1cc(I)c(OCCN(CC)CC)c(I)c1
1.0599418880619547,CC1(C)[C@H](NC(=O)/C(=N\OCc2cc(=O)c(O)cn2O)c2csc(N)n2)C(=O)N1OS(=O)(=O)O
1.0599418880619547,O=C(O)C[C@H]1CC[C@H](c2ccc(-c3ccc(Nc4ccc(C(F)(F)F)nc4)cn3)cc2)CC1
1.0599418880619547,Cc1nnc(C)c2cc(N3CCN(C(=O)[C@@H]4CCCC[C@H]4C(=O)NC4(C#N)CC4)[C@H](C)C3)ccc12
1.070037866607755,CCC1(CCC(C)C)C(=O)NC(=O)NC1=O
1.0791812460476249,CC(C)(C)NCC(O)c1ccc(O)c(CO)c1
1.0791812460476249,CCOc1cc2ncc(C(N)=O)c(Nc3ccc(C)cc3F)c2cc1N1CCN(C)CC1
1.0791812460476249,CC(C)NCC(O)COc1ccc(CCOCC2CC2)cc1
1.0791812460476249,Cc1ccc(S(=O)(=O)Nc2c(C(=O)NC3CCCCC3)c(C)nn2-c2ccccc2)cc1
1.0791812460476249,Cc1nn(-c2ccc(F)cc2)c(NS(=O)(=O)c2cccnc2)c1C(=O)N[C@@H](C)C(C)(C)C
1.0791812460476249,C[C@H]1CN(Cc2cc(Cl)ccc2OCC(=O)O)CCN1C(=O)Cc1cccc(Cl)c1
1.0791812460476249,O=c1[nH]c2c(O)ccc([C@@H](O)CNCCCSCCNCCc3ccccc3Cl)c2s1
1.0791812460476249,CCC(CC)NC(=O)c1cnn(Cc2ccccc2)c1NS(=O)(=O)c1ccc(C)cc1
1.0799044676667207,c1ccc([C@H]([C@@H](c2ccccc2)N2CCCCC2)N2CCCCC2)cc1
1.0799044676667207,COc1cc2nc(N3CCN(C(=O)c4ccco4)CC3)nc(N)c2cc1OC
1.0799044676667207,CNCc1ccc(-c2[nH]c3cc(F)cc4c3c2CCNC4=O)cc1
1.0799044676667207,CN[C@@H](C)C(=O)N[C@H](C(=O)N1CC[C@H]2CC[C@H](NC(=O)c3cccc4ccccc34)[C@H]21)C(C)(C)C
1.084576277934331,Cc1ccc(S(=O)(=O)Nc2c(C(=O)N[C@@H](C)C(C)(C)C)c(C)nn2-c2ccccc2)cc1
1.089905111439398,OC(c1ccc(-c2ccc(CN3CCN(Cc4ccncc4)CC3)cc2)c(F)c1)(C(F)(F)F)C(F)(F)F
1.089905111439398,CNc1nc(C)c(-c2nc(Nc3cccc(N4CCNCC4)c3)ncc2C#N)s1
1.089905111439398,CC(=O)Nc1ccc2c(c1)c(-c1cc(NC3CC3)n3ncc(C#N)c3n1)cn2CCCO
1.089905111439398,CSc1c(C(=O)NC2C3CC4CC(C3)CC2C4)cnn1-c1ccc(C(=O)O)cc1
1.089905111439398,COC(=O)C1=C(C)NC2=C(C(=O)CC(C)(C)C2)C1c1ccc(-c2ccc(C(F)(F)F)cc2)cc1
1.0969100130080565,O=C(NCC1(O)CCCCCC1)c1cc(-c2ccccc2C(=O)O)ccc1Cl
1.1000257301078626,COc1cc2c(Nc3ccc(F)c(Cl)c3)c(C(N)=O)cnc2cc1OCCN(C)CCO
1.1000257301078626,CO[C@H]1CC[C@]2(CC1)Cc1ccc(-c3cc(Cl)cc(C#N)c3)cc1C21N=C(C)C(N)=N1
1.1048284036536553,Cc1nc(-c2ccc(OCC(C)C)c(C#N)c2)sc1C(=O)O
1.1099158630237933,CN(C)CCOc1cc(NS(=O)(=O)c2c(Cl)cc(C(F)(F)F)cc2Cl)ccc1Cl
1.1099158630237933,CC(=O)Nc1nc(CCc2ccc(NC(=N)N)cc2)cs1
1.1099158630237933,COc1ccc(CC(=O)Nc2nc3ccccc3[nH]2)cc1
1.1099158630237933,Cc1cnc(Nc2ccc(F)cc2Cl)nc1-c1c[nH]c(C(=O)N[C@H](CO)c2cccc(Cl)c2)c1
1.1139433523068367,COc1cc(NC(=O)Nc2cccc(CNC(=O)O[C@H]3CCOC3)c2)ccc1-c1cnco1
1.1139433523068367,COc1cccc2c1c(NS(=O)(=O)c1ccc(Cl)s1)nn2Cc1cccc(CNC(C)=O)c1
1.1139433523068367,COc1ccc(CNCc2cccc(CCNC[C@H](O)c3ccc(O)c4[nH]c(=O)sc34)c2)cc1
1.1139433523068367,C[C@H]1CN(Cc2cc(Cl)ccc2OCC(=O)O)CCN1C(=O)Cc1ccccc1Cl
1.1139433523068367,O=C(NCC12CC3CC(CC(C3)C1)C2)c1c(Cl)ccc2nc(N3CCC[C@H](NCCc4nnn[nH]4)C3)ccc12
1.1199154102579911,CN(CCOc1ccc(NS(C)(=O)=O)cc1)CCc1ccc(NS(C)(=O)=O)cc1
1.1199154102579911,CC1Cc2ccccc2N1NC(=O)c1ccc(Cl)c(S(N)(=O)=O)c1
1.1199154102579911,C[C@H](NC(=O)c1cccc2c1N(Cc1ccc(Cl)cc1)CC2)c1ccc(C(=O)O)cc1
1.1300119496719043,CN1CCN(CCOc2n[nH]c3ncnc(Nc4ccc(OCc5ccccn5)c(Cl)c4)c23)CC1
1.1300119496719043,Cc1cc(CCCOc2c(C)cc(-c3noc(C(F)(F)F)n3)cc2C)on1
1.1300119496719043,CCC(CC)NC(=O)c1c(C)nn(-c2ccccc2)c1NS(=O)(=O)c1ccc(C)cc1
1.139249217571607,Cc1c(Cl)ccc(OC2CCN(CC3CCN([C@@H](Cc4ccc(F)cc4)C(=O)O)CC3)CC2)c1Cl
1.1398790864012365,O=C(O)CCc1ccc(OCc2cc(Cl)ccc2-c2ccccc2)cc1
1.1398790864012365,COc1ccc(C(=O)NCc2cn(-c3cc(C)nc4ccc(OC)cc34)nn2)cc1
1.146128035678238,COc1ccc(CC(C)(C)NC[C@H](O)c2cc(O)cc3c2OCC(=O)N3)cc1
1.146128035678238,Cc1ccc(S(=O)(=O)Nc2c(C(=O)NC3CCOCC3)c(C)nn2-c2ccccc2)cc1
1.146128035678238,O=c1[nH]c2c(O)ccc([C@@H](O)CNCCc3ccc(CNCCc4ccccc4F)cc3)c2s1
1.1501421618485586,O=S(=O)(c1ccccc1)N(CC(F)(F)F)c1ccc(C(O)(C(F)(F)F)C(F)(F)F)cc1
1.1501421618485586,COc1nc2ccc(Br)cc2cc1[C@@H](c1ccccc1)[C@@](O)(CCN(C)C)c1cccc2ccccc12
1.1535099893008376,O=C(CCCN1CCC(O)(c2ccc(Cl)cc2)CC1)c1ccc(F)cc1
1.1553360374650619,CS(=O)(=O)NC(=O)CCCc1c(-c2ccc(F)cc2)[nH]c2ccc(C#N)cc12
1.1598678470925667,Nc1ncnc2c1ncn2[C@@H]1O[C@H](CSCCCNC(=O)NCc2ccccc2)[C@@H](O)[C@H]1O
1.1598678470925667,CN1CCN(c2ccc(-c3cnc4cccc(-c5cc(F)c(CN6CCOCC6)c(F)c5)c4n3)cc2)CC1
1.1699681739968923,Clc1cccc(-c2cnc3ccc(NC4CCOCC4)nn23)c1
1.1699681739968923,O=c1c2sccc2n(CC2COc3ccccc3O2)c(=O)n1O
1.1760912590556813,CCC(CC)n1nc(C)c(C(=O)N[C@@H](C)C(C)(C)C)c1NS(=O)(=O)c1ccc(C)cc1
1.1760912590556813,Cc1nn(-c2ccccc2)c(NS(=O)(=O)C2CCCCC2)c1C(=O)N[C@@H](C)C(C)(C)C
1.1760912590556813,Cc1cc(CN2Cc3ccccc3C2C(=O)Nc2ccc(Cl)cc2Cl)ccc1OCC(=O)O
1.1760912590556813,N#Cc1ccc(OC2CCN(C[C@H](O)CNC(=O)c3c[nH]c(=O)c4ccccc34)CC2)cc1Cl
1.1760912590556813,O=C(NCC1CCCCCC1)c1cc(-c2cccnc2N2CCC(C(=O)O)CC2)ccc1Cl
1.180125875164054,CC(C)N1CCN(Cc2cnc(-c3cc(-c4cccc5[nH]ccc45)cc4[nH]ncc34)o2)CC1
1.1846914308175989,O=C(NCC12CC3CC(CC(C3)C1)C2)c1cc(-n2ncc(=O)[nH]c2=O)ccc1Cl
1.2000292665537704,Nc1cc(C(F)(F)F)c(-c2cc(N3CCOCC3)nc(N3CCOCC3)n2)cn1
1.2041199826559248,CN(C)C(C)(C(=O)OC1CC[N+](C)(C)CC1)c1ccccc1
1.2041199826559248,COc1cc2nnc(C(N)=O)c(Nc3ccc(F)cc3F)c2cc1N1CCN(C)CC1
1.2041199826559248,COc1cccc2sc(NC(=O)c3ccccc3)nc12
1.2041199826559248,CC(C(=O)O)c1ccc(C(=O)c2cccs2)cc1
1.2100508498751372,O=C(Nc1ccccc1F)NC1N=C(c2ccccc2)c2ccccc2NC1=O
1.2100508498751372,NC1(c2ccc(-c3ncc4nccn4c3-c3ccccc3)cc2)CCC1
1.2108533653148932,Cc1ccc(C(=O)N2CC3CNCC(C2)O3)cc1NC(=O)CC12CC3CC(CC(C3)C1)C2
1.2201080880400552,N#Cc1ccc2ccc(=O)n(CCN3CC[C@@H](NCc4ccc5c(n4)NC(=O)CO5)[C@@H](F)C3)c2c1
1.2201080880400552,CC(C)c1ccc(NC(=O)Cn2cnc3c2c(=O)n(C)c(=O)n3C)cc1
1.2201080880400552,COc1ccc(C2CC(c3ccc(Br)cc3)=NN2C(C)=O)cc1
1.2299376859079338,CN[C@@H](C)C(=O)N[C@H]1CN(C(=O)CC(C)C)CC[C@H]2CC[C@@H](C(=O)NC(c3ccccc3)c3ccccc3)N2C1=O
1.2299376859079338,C[C@]1(O)C[C@@H](c2nc(-c3ccc4ccc(-c5ccccc5)nc4c3)c3c(N)nccn32)C1
1.2299376859079338,CCCSc1c(C(=O)NC2CCCCC2)cnn1-c1cccc(C(=O)O)c1
1.2304489213782739,C[C@H](CO)Nc1nc(SCc2cccc(Cl)c2F)nc2[nH]c(=O)sc12
1.2304489213782739,Cc1ccc(S(=O)(=O)Nc2c(C(=O)NC3CCCCC3C)c(C)nn2-c2ccccc2)cc1
1.2304489213782739,Cc1ccc(S(=O)(=O)Nc2c(C(=O)N[C@@H](C)C(C)(C)C)c(C)nn2C2CCC2)cc1
1.2304489213782739,C[C@H]1CN(Cc2cc(Cl)ccc2OC(C)(C)C(=O)O)CCN1S(=O)(=O)c1ccccc1
1.2345172835126867,C[C@H](CO)Nc1nc(SCc2cccc(F)c2F)nc2nc(N)sc12
1.2385478876813278,CCC(C)NC(=O)c1c(C)nn(-c2ccccc2)c1NS(=O)(=O)c1ccc(C)cc1
1.2400497721126476,O=C1Nc2ccc(Cl)cc2C(c2ccccc2Cl)=NC1O
1.2400497721126476,Cn1sc(=O)c2cc(S(N)(=O)=O)ccc21
1.2400497721126476,O=C(Nc1cccc(-c2nnn[nH]2)c1)c1cc(C(F)(F)F)cc2[nH]cnc12
1.2400497721126476,CCn1c(C)c(C(=O)O)c(-c2cccc(N3CCN(c4ccc(NS(=O)(=O)c5ccc(N[C@H](CCN6CCC(O)CC6)CSc6ccccc6)c(S(=O)(=O)C(F)(F)F)c5)cc4)CC3)c2)c1-c1ccc(Cl)cc1
1.255272505103306,Cc1ccc(S(=O)(=O)Nc2c(C(=O)NCC(C)(C)C)c(C)nn2-c2ccccc2)cc1
1.255272505103306,Cc1ccc(S(=O)(=O)Nc2c(C(=O)N[C@@H](C)C(C)(C)C)c(C)nn2CC(F)(F)F)cc1
1.255272505103306,O=C(O)COc1ccc(Cl)cc1CN1CCCN(S(=O)(=O)Cc2ccccc2)CC1
1.2600713879850747,CCN(Cc1cc(C(F)(F)F)ccc1-c1cc(CC(=O)O)ccc1OC)C(=O)NCc1ccccc1
1.2600713879850747,COc1ccc(C#Cc2ccc([C@@H]3[C@H](CO)N4CCCCN(C(=O)Nc5cccc(F)c5)C[C@@H]34)cc2)cc1
1.269979676645324,CN(C)c1nc(Cc2ccc(NC(=O)c3ccc(C(F)(F)F)cc3)cc2)nc(N(C)C)c1CC(=O)O
1.2750808984568587,Cc1ccc(S(=O)(=O)Nc2c(C(=O)N[C@@H](C)C(C)(C)C)c(C(F)(F)F)nn2-c2ccccc2)cc1
1.2762319579218335,COc1ccnc(CCc2nc3cccnc3[nH]2)c1
1.2787536009528289,Cc1ccccc1CN1CCC(N2CCC(n3c(=O)[nH]c4ccccc43)CC2)CC1
1.2787536009528289,O=C(CC12CC3CC(CC(C3)C1)C2)Nc1cccc2c(=O)n(C(CO)CO)ccc12
1.2787536009528289,O=c1[nH]c2c(O)ccc([C@@H](O)CNCCc3cccc(CNCCCc4ccccc4)c3)c2s1
1.2787536009528289,C[C@H](CO)Nc1nc(SCc2ccccc2F)nc2nc(N)sc12
1.2798949800116382,Clc1ccc2ncc(-c3cccc(NC4CNC4)n3)n2c1
1.2798949800116382,Cc1cn([C@H]2CCCN([C@H](CC3CCOCC3)c3ccc(C(=O)O)c(Oc4cccc(Cl)c4)c3)C2)c(=O)[nH]c1=O
1.2798949800116382,CS(=O)(=O)c1ccc(-c2cnc(N)c(C(=O)Nc3ccccc3)n2)cc1
1.2886962605902559,O=c1[nH]c2c(O)ccc([C@@H](O)CNCCSCCCNCCc3cccc(Cl)c3Cl)c2s1
1.290034611362518,CC[C@H](Nc1ncnc2[nH]cnc12)c1nc2cccc(F)c2c(=O)n1-c1ccccc1
1.290034611362518,COc1ccc2nc(C)cc(N3CC(CNC(=O)C4CC4)OC3=O)c2c1
1.290034611362518,CNc1nc(C)c(-c2nc(Nc3cccc(N4CCCNCC4)c3)ncc2C#N)s1
1.2922560713564761,N#Cc1ccc2[nH]c(-c3ccc(F)cc3)c(CCCC(=O)NS(N)(=O)=O)c2c1
1.2999429000227671,NC(=O)N1c2ccccc2C=Cc2ccccc21
1.2999429000227671,CCOc1ccc(-n2c([C@@H](C)N(CC3CCN(C)CC3)C(=O)Cc3ccc(F)c(C(F)(F)F)c3)nc3ncccc3c2=O)cc1
1.2999429000227671,O=c1nc(NCc2ccccc2)sn1Cc1ccccc1
1.2999429000227671,CN[C@@H](C)C(=O)N[C@H](C(=O)N[C@H]1C[C@@H]2CC[C@H]1N(CCc1ccccc1)C2)C1CCCCC1
1.2999429000227671,CNC(=O)c1nc(-c2ccc(Cl)c(S(=O)(=O)Nc3cccc(F)c3F)c2)cnc1N
1.3010299956639813,CCOc1ccc(-n2c([C@@H](C)N(Cc3cccnc3)C(=O)Cc3ccc(OC(F)(F)F)cc3)nc3ncccc3c2=O)cc1
1.3010299956639813,CC(C)(C)NS(=O)(=O)c1cncc(-c2ccc3nc(N)nn3c2)c1
1.3010299956639813,Cc1ccc(NC(=O)c2cccc(N3CCOCC3)c2)cc1NC(=O)c1ccc(OCc2cscn2)cc1
1.3010299956639813,Cc1cc(CN2CCc3ccccc3C2C(=O)Nc2ccc(Cl)cc2Cl)ccc1OCC(=O)O
1.3010299956639813,C[C@@H]1CN(Cc2cc(Cl)ccc2OCC(=O)O)C[C@H](C)N1C(=O)Cc1ccccc1
1.3100557377508915,N#Cc1ccc(C(=O)Nc2ccc(-n3ccnc3)nc2)cc1
1.3100557377508915,CC(C)(C)c1ccc2c(c1)CC[C@H]2NC(=O)Nc1cccc2[nH]ncc12
1.3100557377508915,Cc1cc(Oc2cc(S(=O)(=O)N3CCC[C@H](n4cc(C)c(=O)[nH]c4=O)C3)ccc2O)ccc1Cl
1.3199384399803087,CS(=O)(=O)c1ccc([C@@H](CC2CCCC2)C(=O)Nc2nccs2)cc1
1.3199384399803087,CC(C)S(=O)(=O)c1ccc(-c2cnc(N)c(C(=O)Nc3ccccc3)n2)cc1
1.3222192947339193,Cc1ccc(C(=O)NC2CC2)cc1-c1ccc(C(=O)NCC2CC2)nc1
1.3222192947339193,CCOc1ccc2oc(C(=O)NC(CCSC)c3nc4cnccc4[nH]3)c(C)c2c1
1.3222192947339193,C[C@H](C(=O)O)c1cccc(C(=O)c2ccccc2)c1
1.3222192947339193,Cc1ccc(S(=O)(=O)Nc2c(C(=O)N(C)C3CCCCC3)c(C)nn2-c2ccccc2)cc1
1.3283796034387378,C[C@@H](C(=O)O)c1cccc(C(=O)c2ccccc2)c1
1.330007700872759,Cc1nc2ccccn2c1-c1ccnc(N)n1
1.3318320444362486,Cc1nn(-c2ccccc2)c(NC(=O)NS(=O)(=O)c2ccc(Cl)cc2)c1C#N
1.3400473176613932,CC(=O)Nc1ccc2ccn(-c3cc(NC4COC4)n4ncc(C#N)c4n3)c2c1
1.3400473176613932,CNC(=O)c1c(F)cccc1Nc1nc(Nc2cc3c(cc2OC)CCN3C(=O)CN(C)C)nc2[nH]ccc12
1.3400473176613932,C#Cc1cccc(Nc2ncnc3cc4c(cc23)OCCOCCOCCO4)c1
1.3424226808222062,O=C1COc2c(CCNCCN(C(=O)CCNCCc3ccc(Cl)c(Cl)c3)C3CCCCC3)ccc(O)c2N1
1.3424226808222062,O=c1[nH]c2c(O)ccc([C@@H](O)CNCCc3cccc(CNCCc4ccccc4F)c3)c2s1
1.3500540935790304,COC1=CC(c2cc3ccccc3[nH]2)=N/C1=C\c1[nH]c(C)cc1C
1.3573630306151427,O=C(NCc1ccccc1)c1ccc2cccnc2c1O
1.3600250891893975,CCC(NC(=O)Nc1cc(Cl)ccc1Cl)(C(F)(F)F)C(F)(F)F
1.3617278360175928,O=c1[nH]c2c(O)ccc([C@@H](O)CNCCOc3cccc(CNCCc4ccccc4F)c3)c2s1
1.3617278360175928,CN(C)CCC(c1ccc(Cl)cc1)c1ccccn1
1.369957607346053,Nc1cc(C(=O)Nc2cccc(-c3nnn[nH]3)c2)cc(C(F)(F)F)c1
1.369957607346053,COc1ccc2c(Oc3ccc(CC(=O)Nc4cn(C)nc4C)c(OC)c3)ccnc2c1
1.3800302479678306,Cc1ccccc1-n1c(Cn2cnc3c(N)ncnc32)nc2cccc(C)c2c1=O
1.3800302479678306,CCC[C@@H](CNC(=O)c1nc(Cl)c(N)nc1N)[N+](C)(C)CCCc1ccc(OC)cc1
1.3800302479678306,CCc1c2c(nc3ccc(O)cc13)-c1cc3c(c(=O)n1C2)COC(=O)[C@]3(O)CC
1.3800302479678306,CN(C)CCNc1cc(-c2ccccc2)nc2cc(-c3ccc(F)cc3)nn12
1.3800302479678306,Cc1oncc1C(=O)Nc1ccc(C(F)(F)F)cc1
1.3802112417116061,Cc1cccc2c(CCNCc3cccc(CCNC[C@H](O)c4ccc(O)c5[nH]c(=O)sc45)c3)c[nH]c12
1.3900514964589874,O=C(c1ccc(F)cc1)C1CCN(CCn2c(=O)[nH]c3ccccc3c2=O)CC1
1.3900514964589874,CCS(=O)(=O)c1ccc2[nH]c(-c3cccc(-c4ccccc4)c3)nc2c1
1.3979400086720377,COc1cccc2c1c(NS(=O)(=O)c1ccc(Cl)s1)nn2Cc1cccc(CNC(=O)C(C)(C)O)c1
1.4000196350651586,CC(C)NCC(O)COc1ccc(COCCOC(C)C)cc1
1.4000196350651586,O=C(Nc1ccncc1)c1cccc2ccccc12
1.403635189790548,O=C(Nc1ccccc1-c1ccccc1)OC1CCN(CCCCCCCCCNC[C@H](O)c2ccc(O)c3[nH]c(=O)ccc23)CC1
1.4099331233312946,Cc1cccc([C@H](C)c2c[nH]c(=S)[nH]2)c1C
1.4099331233312946,O=C(O)c1cc2cc(OCc3ccccc3)ccc2[nH]1
1.4099331233312946,COc1ccncc1-c1ccccc1CN(C(=O)c1ccc(-c2ccc(C#N)cc2)o1)c1ccc(N2CCNCC2)cc1
1.414973347970818,COc1cccc2c1c(NS(=O)(=O)c1ccc(Cl)s1)nn2Cc1cccc(CNC(=O)[C@@H]2COCCN2)c1
1.414973347970818,CCO/N=C/c1ccc(OCCC2CCN(c3ccc(C)nn3)CC2)cc1
1.414973347970818,COc1ccc(CC(=O)NC(N/C(=N/C#N)Nc2ccccc2C)C(C)(C)C)cc1OC
1.4199557484897578,CCN(CC)CCNc1ncnc2c1sc1nc(N3CCOCC3)c3c(c12)CCCC3
1.4300750555519393,Clc1ccc2c(c1)CCc1cccnc1C2=C1CCNCC1
1.4300750555519393,CCOc1ncc(C)c2c1[C@H](c1ccc(C#N)cc1OC)C(C(N)=O)=C(C)N2
1.4300750555519393,CCOc1ccc(NC(C)=O)cc1
1.4300750555519393,CC(C)N(CCCNC(=O)Nc1ccc(C(C)(C)C)cc1)C[C@H]1O[C@@H](n2cnc3c(N)ncnc32)[C@H](O)[C@@H]1O
1.4300750555519393,O=C(O)CN1C(=O)C(=O)c2ccccc21
1.4310419453358856,CC[C@H](C)C(=O)O[C@H]1C[C@H](O)C=C2C=C[C@H](C)[C@H](CC[C@@H](O)C[C@@H](O)CC(=O)O)[C@H]21
1.4313637641589874,CCOc1ccc2oc(C(=O)NC(CCSC)c3nc4ccccc4[nH]3)c(C)c2c1
1.4313637641589874,Cc1ccc(S(=O)(=O)Nc2c(C(=O)NC3CCCCC3)cnn2-c2ccccc2)cc1
1.4313637641589874,CCC(CC)NC(=O)c1cnn(C)c1NS(=O)(=O)c1ccc(C)cc1
1.4399639359209049,COc1cc(Nc2nc3c(cc2F)ncn3[C@@H](CO)c2ccc(F)cn2)n[nH]1
1.4471580313422192,C[C@H](CO)Nc1nc(SCc2ccccc2F)nc2[nH]c(=O)sc12
1.4471580313422192,COc1ccc([C@]2(C#N)CC[C@@H](C(=O)O)CC2)cc1OC1CCCC1
1.4471580313422192,COc1cccc2c1c(NS(=O)(=O)c1ccc(Cl)s1)nn2Cc1cccc(CNC(=O)[C@H]2COCCN2)c1
1.4471580313422192,O=C(O)[C@H](Cc1ccccc1)N1CCC(CN2CCC(Oc3ccc(CO)c(Cl)c3)CC2)CC1
1.4499409887733377,Cc1cc(F)ccc1-n1nc(C(F)(F)F)cc1-c1ccc2c(c1)NC(=O)CO2
1.4499409887733377,Nc1ncnc2c1ncn2[C@@H]1O[C@H](CSCCCNC(=O)Nc2ccccc2)[C@@H](O)[C@H]1O
1.4499409887733377,Cc1nc(Nc2ncc(C(=O)Nc3c(C)cccc3Cl)s2)cc(N2CCN(CCO)CC2)n1
1.462397997898956,COc1ccccc1CCNCc1cccc(CCNC[C@H](O)c2ccc(O)c3[nH]c(=O)sc23)c1
1.462397997898956,COc1ccccc1CCNCc1ccc(CCNC[C@H](O)c2ccc(O)c3[nH]c(=O)sc23)cc1
1.462397997898956,C[C@H](CO)n1ccc2c(NC(=O)Cc3ccc(Cl)c(C(F)(F)F)c3)cccc2c1=O
1.462397997898956,O=C(NC1CC1)c1cn(-c2cccc(C#Cc3cccnc3)c2)c2ncccc2c1=O
1.462397997898956,COc1ccnc(CCc2nc3cc(Br)cnc3[nH]2)c1
1.462397997898956,O=c1[nH]c2c(O)ccc([C@@H](O)CNCCc3cccc(CN4CCC(c5ccccc5)CC4)c3)c2s1
1.4699692094999595,Nc1nc2ccc(-c3ccncc3)cc2s1
1.4699692094999595,CC(C)c1nc2ccc(-c3ccc(F)cc3)cc2c(=O)n1C[C@H]1CCCN(C(C)C)C1
1.4699692094999595,O=C(Nc1cccc(-c2nnn[nH]2)c1)c1cc(O)cc(C(F)(F)F)c1
1.4771212547196624,O=C(c1ccc(OCCN2CCCCC2)cc1)c1c(-c2ccc(O)cc2)sc2cc(O)ccc12
1.4800069429571507,CCOc1cc(Nc2nc3c(cc2F)ncn3[C@@H](CO)c2ccc(F)cn2)n[nH]1
1.4800069429571507,CCCCC[C@H](c1ccc(C(=O)O)c(Oc2cccc(Br)c2)c1)N1CCC[C@H](n2cc(C)c(=O)[nH]c2=O)C1
1.484442207642407,NCCCCN(Cc1nc2ccccc2[nH]1)[C@H]1CCCc2cccnc21
1.4874212113594745,NCCCCN(Cc1nc2ccccc2[nH]1)C1CCCc2cccnc21
1.4899584794248346,CC(C)c1ccc(Sc2cnc(O)c(C(=O)NCc3ccccc3)c2)cc1
1.4899584794248346,CC(=O)N1N=C(c2ccc(Br)cc2)CC1c1ccc(C)cc1
1.4913616938342726,C[C@@H]1C[C@H]2[C@@H]3CCC4=CC(=O)C=C[C@]4(C)[C@@]3(F)[C@@H](O)C[C@]2(C)[C@@]1(O)C(=O)CO
1.4913616938342726,COc1ccc(COc2nc(Br)cnc2NS(=O)(=O)c2ccc(C)cc2)cc1OCCN(C)C
1.4913616938342726,Cc1cc(CN2Cc3ccccc3C[C@H]2C(=O)Nc2ccc(Cl)cc2Cl)ccc1OCC(=O)O
1.4999618655961902,Cc1ccc(CO)cc1N(C)c1ccnc(Nc2cc(N3CCOCC3)cc(N3CCOCC3)c2)n1
1.4999618655961902,COc1cc(-c2ccc(Nc3ccccc3C(=O)O)c(OC)c2)ccc1Nc1ccccc1C(=O)O
1.5100085129402347,C=CC(=O)Nc1ccccc1
1.5185139398778875,COc1ccccc1CN(C)Cc1cccc(CCNC[C@H](O)c2ccc(O)c3[nH]c(=O)sc23)c1
1.5185139398778875,COc1ccc(N(C(=O)c2ccoc2Cl)C(C(=O)NC[C@@H](C)O)c2ccccc2F)c(OC)c1
1.5199591807520685,CS(=O)(=O)N1CCN(Cc2cc3nc(-c4cccc5[nH]ncc45)nc(N4CCOCC4)c3s2)CC1
1.5299434016586693,CC(C)N(CCCNC(=O)Nc1ccc(C(C)(C)C)cc1)C[C@H]1O[C@@H](n2ccc3c(N)ncnc32)[C@H](O)[C@@H]1O
1.5299434016586693,CCNC(=O)OC1CCN(c2nncc3cc(OC)c(OC)cc23)CC1
1.5314789170422551,Cc1c(Sc2ccc(Cl)cc2)c2cc(F)ccc2n1CC(=O)O
1.5378190950732742,COCc1ccoc1C(=O)N(c1ccc(OC)cc1OC)C(C(=O)NC[C@@H](C)O)c1ccccc1F
1.5440680443502757,CCN(C(=O)c1cnn(-c2ccccc2)c1NS(=O)(=O)c1ccc(-c2cnco2)cc1)C1CCCCC1
1.5499836111596887,COc1cc2c(ccc(=O)n2CCN2CCC(NCc3cc4c(cn3)OCCO4)CC2)cn1
1.5499836111596887,COc1ccc(N(C(=O)Oc2c(C)cccc2C)c2ccnc(Nc3ccc(N4CCN(C)CC4)cc3)n2)c(OC)c1
1.5499836111596887,Cc1c(-c2ccc(O)cc2)n(Cc2ccc(OCCN3CCCCCC3)cc2)c2ccc(O)cc12
1.5499836111596887,CS(=O)(=O)c1ccc([C@H](CC2CCCC2)C(=O)Nc2nccs2)cc1
1.5499836111596887,Oc1nc2ccccc2n1C1CCN(Cc2ccc(-c3nc4ccccc4cc3-c3ccccc3)cc2)CC1
1.5572665288699041,Cc1cc(CCC[N+]23CCC(CC2)[C@@H](OC(=O)[C@](C)(c2ccccc2)N2CCCCC2)C3)ccn1
1.5600262489128924,CCC(CC)C[C@H](c1ccc(C(=O)O)c(Oc2cccc(Cl)c2)c1)N1CCC[C@H](n2cc(C)c(=O)[nH]c2=O)C1
1.5600262489128924,N#CC1(NC(=O)[C@@H]2CCCC[C@H]2C(=O)N2CCN(c3nccs3)CC2)CC1
1.5600262489128924,c1ccc(Nc2nc3c(s2)CCCc2n[nH]cc2-3)nc1
1.568201724066995,CC(C)(Cc1cccc(CC(=O)NCc2cccc(-c3ccc(O)cc3)c2)c1)NC[C@H](O)c1ccc(O)c(NS(C)(=O)=O)c1
1.5797835966168101,CC(C(=O)OC1CC[N+](C)(C)CC1)(c1ccccc1)N1CCC(F)(F)CC1
1.5797835966168101,O=C1NC(=O)C(c2cnc3ccccn23)=C1c1cn2c3c(cccc13)CN(C(=O)N1CCOCC1)CC2
1.5797835966168101,CCNC(=O)c1cnc(N2CCN(C3CCN(Cc4ccc(Cl)cc4F)CC3)[C@@H](CC)C2)c(Cl)c1
1.5800121125294244,Cc1cn([C@H]2CCCN(S(=O)(=O)c3ccc(O)c(Oc4cccc(Br)c4)c3)C2)c(=O)[nH]c1=O
1.5800121125294244,C=CC(=O)Nc1ccc(F)cc1
1.5899496013257077,C[C@@H](O)[C@H](NC(=O)c1ccc(C#Cc2ccc(CN3CCOCC3)cc2)cc1)C(=O)NO
1.5910646070264993,C[C@@](C(=O)O[C@H]1C[N+]2(CC(=O)Nc3ccncn3)CCC1CC2)(c1ccccc1)N1CCCCC1
1.5910646070264993,C[C@H]1C[C@@H](NS(=O)(=O)c2cc(Br)ccc2Br)CN1C#N
1.599992177584098,C=CC(=O)Nc1cccc(CN2C(=O)N(c3c(Cl)c(OC)cc(OC)c3Cl)Cc3cnc(NCCCCN(CC)CC)nc32)c1
1.599992177584098,COc1ccc2ncc(F)c(CCN3CCC(NCc4ccc5c(n4)NC(=O)CO5)CC3)c2n1
1.6020599913279625,Cc1ccc(S(=O)(=O)Nc2c(C(=O)NCc3ccccc3)cnn2-c2ccccc2)cc1
1.6100210246641453,O=C(N[C@H](Cc1ccc(Cl)cc1)C(=O)N1CCC(Cn2cncn2)(C2CCCCC2)CC1)[C@H]1Cc2ccccc2CN1
1.6100210246641453,CN1CCC[C@H]1CCN1CCCc2cc(NC(=N)c3cccs3)ccc21
1.6100210246641453,COCCN(C)c1ccc(Nc2ncc3cc(-c4ccncc4)ccc3n2)cc1
1.6127838567197355,Cn1cc(C2=C(c3cccc(NCC(O)CO)c3)C(=O)NC2=O)c2cc(F)ccc21
1.6164755138885656,O=C(Nc1ccc(Cl)c(S(=O)(=O)N2CCNCC2)c1O)Nc1cccc(F)c1Cl
1.617105230502378,N#CC1(NC(=O)[C@@H]2CCCC[C@H]2C(=O)N2CCc3[nH]c4ccc(F)cc4c3C2)CC1
1.6232492903979006,C[C@H](CO)Nc1nc(SCc2cccc(F)c2F)nc2[nH]c(=O)cnc12
1.6232492903979006,O=c1[nH]c2c(O)ccc([C@@H](O)CNCCc3cccc(CNCCc4ccccc4Cl)c3)c2s1
1.63002085111341,CC1(CCCc2cc(=O)oc3[nH]c(=O)[nH]c(=O)c23)CC1
1.63002085111341,Cc1nnc2n1-c1ccc(Cl)cc1C(c1ccccc1)=NC2
1.63002085111341,CC(=O)Nc1ccc2ccn(-c3cc(Nc4ccn(C)n4)n4ncc(C#N)c4n3)c2c1
1.63002085111341,C=CC(=O)Nc1ccc(OC)cc1
1.63002085111341,Cc1cn([C@H]2CCCN([C@H](CC3CCCCC3)c3ccc(C(=O)O)c(Oc4cccc(Cl)c4)c3)C2)c(=O)[nH]c1=O
1.6334684555795866,C[C@H](Cc1cccc(CC(=O)NC23CC4CC(CC(C4)C2)C3)c1)NC[C@H](O)c1ccc(O)c(CO)c1
1.6334684555795866,O=C(CC12CC3CC(CC(C3)C1)C2)Nc1cccc2c(=O)n(C[C@H]3CCCN3)ccc12
1.6334684555795866,CN(CCNC[C@H](O)c1ccc(O)c2[nH]c(=O)sc12)C(=O)CCOCCc1ccccc1
1.6370892735303304,CCOc1ccc(-n2c([C@@H](C)N(Cc3cccnc3)C(=O)Cc3ccc(C(F)(F)F)cc3)nc3ccccc3c2=O)cc1
1.637789829362229,Cc1cc(CN(CC(=O)Nc2ccc(Cl)cc2Cl)C2CCCCC2)ccc1OCC(=O)O
1.6399842480415885,CC(C)(O)c1ccccc1CC[C@@H](SCC1(CC(=O)O)CC1)c1cccc(/C=C/c2ccc3ccc(Cl)cc3n2)c1
1.6500159524718385,Cc1ccccc1-n1c(Cn2nc(-c3ccc(O)c(F)c3)c3c(N)ncnc32)nc2cccc(C)c2c1=O
1.6500159524718385,O=C(Nc1cccc(-c2nnn[nH]2)c1)c1cccc2[nH]cnc12
1.6500159524718385,Fc1cccc(COc2ccc(Nc3ncnc4ccc(-c5cccc(N6CCOCC6)c5)cc34)cc2Cl)c1
1.6600112212893308,C[C@]12CCC(=O)C=C1C=C[C@@H]1[C@@H]2CC[C@@]2(C)[C@H]1CC[C@@]21CCC(=O)O1
1.6600112212893308,Cc1cccc2c(O)nc(-c3ccc(C(F)(F)F)cc3)nc12
1.662757831681574,O=c1cc(-c2cccnc2)[nH]c2cc(C(O)c3ccccc3)ccc12
1.662757831681574,CCOc1ccc2oc(C(=O)NC(CCSC)c3nc4ncccc4[nH]3)c(C)c2c1
1.662757831681574,Cc1nccn1CCC(C(N)=O)(c1ccccc1)c1ccccc1
1.665393350279712,CCC(C)(C)C(=O)O[C@H]1C[C@@H](C)C=C2C=C[C@H](C)[C@H](CC[C@@H](O)C[C@@H](O)CC(=O)O)[C@H]21
1.6699673699085043,O=C(C1CCN(c2nnc(-n3cccc3)s2)CC1)N1CCc2ccccc2C1
1.6720978579357175,Cc1nc(C(=O)N2CCOC3(CCN(Cc4ccc(Cl)cc4)CC3)C2)cs1
1.6804261708581454,CCC(CC)NC(=O)c1cnn(-c2ccccc2)c1NS(=O)(=O)c1ccc(C)cc1
1.6852041344710147,Cc1ccc(S(=O)(=O)Nc2c(C(=O)N(C)C3CCCCC3)cnn2-c2ccccc2)cc1
1.6900187807886953,Cc1cn([C@H]2CCCN([C@H](CC(C)(C)C)c3ccc(C(=O)O)c(Oc4cccc(Br)c4)c3)C2)c(=O)[nH]c1=O
1.6989700043360187,O=c1cc(-c2cccnc2)[nH]c2cc(Cc3ccccc3)ccc12
1.7000110623221123,O=C(C1CCN(c2nnc(-n3cccc3)s2)CC1)N1CCN(Cc2ccc3c(c2)OCO3)CC1
1.7000110623221123,CN(C)c1nc(NC[C@H]2CC[C@H](CNS(=O)(=O)c3ccc(Br)cc3OC(F)(F)F)CC2)nc2ccccc12
1.7000110623221123,Cc1ccc2c(NC[C@](O)(CC(C)(C)c3cc(F)cc4c3OCC4)C(F)(F)F)cccc2n1
1.707229419327294,NC(=O)C(c1ccccc1)(c1ccccc1)[C@@H]1CCN(CCc2ccc3c(c2)CCO3)C1
1.7075701760979363,Cc1ccc(S(=O)(=O)Nc2c(C(=O)NC(C)C)c(C)nn2-c2ccccc2)cc1
1.7075701760979363,Cc1ccccc1/N=N/c1ccc(NC(=O)c2ccnn2C)c(C)c1
1.7100326990657535,CN(c1ccnc(Nc2cc(N3CCOCC3)cc(N3CCOCC3)c2)n1)c1cccc2[nH]ncc12
1.7100326990657535,Cc1cc(OCC(=O)NCc2ccccc2)c2cc(Br)ccc2n1
1.7160033436347992,COc1c2occc2cc2ccc(=O)oc12
1.7160033436347992,CCC(CC)NC(=O)c1cnn(-c2ccccc2)c1NS(=O)(=O)c1ccc(-c2cnco2)cc1
1.7199938263676038,N#Cc1c(O)c2c(-c3ccc(-c4ccccc4O)cc3)csc2[nH]c1=O
1.7199938263676038,C[C@@H]1CN(c2ccc3c(n2)NC(=O)CO3)[C@H](c2ccccc2)CO1
1.7199938263676038,C[C@]12Cc3cnn(-c4ccc(F)cc4)c3C=C1CC[C@@]2(O)CCc1ccc(F)cc1C(N)=O
1.7199938263676038,CCCC(C)(C)C[C@H](c1ccc(C(=O)O)c(Oc2cccc(Cl)c2)c1)N1CCC[C@H](n2cc(C)c(=O)[nH]c2=O)C1
1.7199938263676038,Oc1ncnc2c1c(-c1ccccc1)cn2-c1ccc(Br)cc1
1.7242758696007892,C[C@@](C(=O)O[C@H]1C[N+]2(CCc3c[nH]c4ccccc34)CCC1CC2)(c1ccccc1)N1CCCCC1
1.7242758696007892,Cc1ccc(S(=O)(=O)Nc2c(C(=O)N[C@@H](C)C(C)(C)C)c(C)nn2C(C)(C)C)cc1
1.7299742856995557,CC(C)(C)NC(=O)[C@@H]1CN(Cc2cccnc2)CCN1C[C@@H](O)C[C@@H](Cc1ccccc1)C(=O)N[C@H]1c2ccccc2C[C@H]1O
1.7299742856995557,CC(C(=O)O)c1cccc(C(=O)c2ccccc2)c1
1.7299742856995557,Cc1ccc(CO)cc1N(c1ccnc(Nc2cc(N3CCOCC3)cc(S(C)(=O)=O)c2)n1)C(C)C
1.7323937598229686,CC(C)OC(=O)C(C)(C)Oc1ccc(C(=O)c2ccc(Cl)cc2)cc1
1.7399676967595095,NC(=O)NC(=O)C(Nc1ccc2c(c1)CCC2)c1ccccc1
1.7399676967595095,C[C@@H]1CN(Cc2nnc(-c3cc(-c4cccc5[nH]ccc45)cc4[nH]ncc34)o2)C[C@H](C)O1
1.7399676967595095,CCCNC(=O)CSc1ccc(S(=O)(=O)N2CCCC2)cn1
1.7403626894942439,C[C@@](C(=O)O[C@H]1C[N+]2(Cc3nc(-c4ccccc4)no3)CCC1CC2)(c1ccccc1)N1CCCCC1
1.7481880270062005,CCC(CC)NC(=O)c1nnn(-c2ccccc2)c1NS(=O)(=O)c1ccc(C)cc1
1.7481880270062005,CCC(CC)NC(=O)c1cnn(-c2ccccc2Cl)c1NS(=O)(=O)c1ccc(C)cc1
1.749968083509403,CCN(CC)CCN1C(=O)[C@@](O)(c2ccccc2Cl)c2c1cc(C(N)=O)cc2C(F)(F)F
1.749968083509403,CCC(=C(c1ccc(O)cc1)c1ccc(OCCN(C)C)cc1)c1ccccc1
1.7558748556724915,Cc1cc(-c2ccc(Cl)c(C(=O)NCC3(O)CCCCCC3)c2)n[nH]1
1.7599698575543072,Cc1cc2cc(C)c3nnc(SCC(=O)N4CCN(C(=O)c5ccco5)CC4)n3c2cc1C
1.7634279935629373,O=c1[nH]c2c(O)ccc([C@@H](O)CNCCCOCCOCCc3ccccc3)c2s1
1.7699678013294424,CCc1[nH]c2nc(Sc3cnc4ccc[n+]([O-])c4c3)nc(N3C[C@@H]4[C@@H](N)[C@@H]4C3)c2c1Cl
1.7708520116421442,COc1ccc(N(C(=O)c2occc2Cl)C(C(=O)NC[C@@H](C)O)c2ccccc2F)c(OC)c1
1.7772092581456849,CCC(CC)NC(=O)c1c(C)nn(C(C)C)c1NS(=O)(=O)c1ccc(C)cc1
1.7781512503836436,C[C@@](C(=O)O[C@H]1C[N+]2(CCOc3ccc(Cl)cc3)CCC1CC2)(c1ccccc1)N1CCCCC1
1.7781512503836436,O=c1[nH]c2c(O)ccc([C@@H](O)CNCCc3cccc(CNCc4ccccc4Cl)c3)c2s1
1.7853298350107671,C[C@H](CO)Nc1nc(SCc2ccco2)nc2[nH]c(=O)sc12
1.7853298350107671,O=C(O)COc1ccc(C(=O)c2cccs2)c(Cl)c1Cl
1.7900035203904894,CC(C)C(=O)Nc1nc(-c2ccccn2)cc2ccccc12
1.7900035203904894,Cc1nn(C)c(C)c1-c1cccc2c(CCCOc3cccc4ccccc34)c(C(=O)O)[nH]c12
1.8000293592441343,O=C(Nc1ccc(CCO)cc1)c1cc2cc(Cl)ccc2[nH]1
1.8000293592441343,C[C@@H]1CN(c2ccc(F)cc2C(F)(F)F)CCN1S(=O)(=O)c1ccc(C(N)=O)cc1Cl
1.806179973983887,C[C@@](C(=O)O[C@H]1C[N+]2(CC(=O)Nc3ccccc3)CCC1CC2)(c1ccccc1)N1CCCCC1
1.806179973983887,C[C@@](C(=O)O[C@H]1C[N+]2(CC(=O)Nc3ccccn3)CCC1CC2)(c1ccccc1)N1CCCCC1
1.806179973983887,CNC(=O)c1cnn(-c2ccccc2)c1NS(=O)(=O)c1ccc(C)cc1
1.808481056565951,Cc1nc2ncnn2c(O)c1CCOC(=O)c1c(F)cccc1F
1.8100307864058396,O=C(CSc1ccccc1)N1CCN(C(=O)c2ccco2)CC1
1.8100307864058396,C[C@@H](c1ccc(-c2ccc(F)cc2F)cc1)N1CC[C@@](CCO)(c2ccc(F)cc2)OC1=O
1.8100307864058396,CCOc1ccc2ccc(=O)oc2c1
1.8100307864058396,O=C(Nc1nc2ccccc2s1)c1ccccc1
1.8129133566428557,C[C@@](C(=O)O[C@H]1C[N+]2(CCCc3cc4ccccc4s3)CCC1CC2)(c1ccccc1)N1CCCCC1
1.8129133566428557,CC[C@@H](Nc1c(Nc2cccc(C(=O)N(C)C)c2O)c(=O)c1=O)c1ccccc1
1.8195439355418688,C[C@@](C(=O)O[C@H]1C[N+]2(CCCc3ccc4ncsc4c3)CCC1CC2)(c1ccccc1)N1CCCCC1
1.8195439355418688,C[C@@](C(=O)O[C@H]1C[N+]2(CCCc3cncnc3)CCC1CC2)(c1ccccc1)N1CCCCC1
1.8195439355418688,C[C@@](C(=O)O[C@H]1C[N+]2(CCCOc3ccc(F)cc3)CCC1CC2)(c1ccccc1)N1CCCCC1
1.8200043068083178,Cc1oc(-c2ccccc2)cc1C(=O)Nc1cccc(C(=O)O)c1
1.8200043068083178,CCc1c(C)nc(SCC(=O)Nc2nc(-c3ccc(OC)cc3)cs2)nc1O
1.8260748027008264,C[C@@](C(=O)O[C@H]1C[N+]2(CC(=O)Nc3cccc(F)c3)CCC1CC2)(c1ccccc1)N1CCCCC1
1.8300109359361179,O=C(Nc1cccc(-c2nnn[nH]2)c1)c1cc(F)cc2[nH]cnc12
1.8388490907372552,N#Cc1ccc(NC(=O)Nc2ccccc2Br)c2nn[nH]c12
1.8399805576783428,CS(=O)(=O)c1ccc([C@@H](O)[C@@H](CF)NC(=O)C(Cl)Cl)cc1
1.8399805576783428,O=C(N[C@H](CO)[C@H](O)c1ccc([N+](=O)[O-])cc1)C(Cl)Cl
1.8399805576783428,Cc1ccc(-n2nc(C(C)(C)C)cc2NC(=O)Nc2ccc(OCCN3CCOCC3)c3ccccc23)cc1
1.8399805576783428,CC/C(=C(/c1ccc(O)cc1)c1ccc(/C=C/C(=O)O)cc1)c1ccccc1
1.8399805576783428,Cc1oc(=O)oc1CN1CCN(c2cc3c(cc2F)c(=O)c(C(=O)O)c2n3C(C)S2)CC1
1.8399805576783428,CCC(C)(CC)C[C@H](c1ccc(C(=O)O)c(Oc2cccc(Br)c2)c1)N1CCC[C@H](n2cc(C)c(=O)[nH]c2=O)C1
1.845098040014257,Cc1ccc(C(NC(=O)c2ccccc2O)C(=O)Nc2c(C)cccc2C)s1
1.8499719123288503,CC(C)(C)c1cc(NC(=O)NCc2ccccc2Sc2ccc3nnc(-c4ccccc4SCCO)n3c2)n(-c2ccc(O)c(Cl)c2)n1
1.8499719123288503,CSc1ccc(N2C(N)=NC(N)=NC2(C)C)cc1
1.8499719123288503,C[C@@]1(C(=O)Nc2ccc(F)nc2)CCCN1c1nc(Nc2cc(C3CC3)n[nH]2)c2cccn2n1
1.8572721735640414,O=C(CCOCCc1ccccc1)NCCNCCc1ccc(O)c2nc(O)sc12
1.8599784416420209,C=C[C@H]1CN2CC[C@H]1C[C@@H]2[C@@H](O)c1ccnc2ccc(OC)cc12
1.8599784416420209,CC(NC(C)(C)C)C(=O)c1cccc(Cl)c1
1.8599784416420209,COc1ccc2ncc(C#N)c(CCN3CCC(NCc4cc5c(cn4)OCS5)CC3)c2c1
1.8599784416420209,Nc1nnc(CCSCCc2nnc(NC(=O)Cc3ccccc3)s2)s1
1.8599784416420209,Cc1ccc(NC(=O)c2cccc(N(C)S(C)(=O)=O)c2)cc1NC(=O)c1ccc2ncccc2c1
1.8599784416420209,CS(=O)(=O)N1CC[C@H](N(Cc2ccccc2Cl)c2ccc(C#N)c(Cl)c2)C1
1.863322860120456,CCc1nn(C2CCCC2)c2c1CCn1c(-c3cccs3)nnc1-2
1.8692317197309762,CSCCC(NC(=O)c1cnccn1)c1nc2ccccc2[nH]1
1.8699940001217419,Cc1nocc1C(=O)Nc1ccc(-c2ccccc2OC(F)(F)F)c(N)n1
1.8699940001217419,Cc1cn([C@H]2CCCN(S(=O)(=O)c3ccc(O)c(Oc4cc(F)cc(Cl)c4)c3)C2)c(=O)[nH]c1=O
1.8699940001217419,CCOc1ccc2nc(N)sc2c1
1.8699940001217419,CN(CC(=O)N(Cc1ccc(C2CCCCC2)cc1)c1ccc(C(=O)O)c(O)c1)S(=O)(=O)c1c(F)c(F)c(F)c(F)c1F
1.8750612633917,CCOC(=O)C1=C(C)NC(C)=C(C(=O)OC)C1c1cccc([N+](=O)[O-])c1
1.8800128383667718,O=S1(=O)CC(O)C(N2CCC(c3ccccc3)CC2)C1
1.8800128383667718,CCn1c(SCC(=O)Nc2cc(C)on2)nnc1-c1cccnc1
1.8804133998779167,CC[C@@H](Nc1c(Nc2cccc(C(=O)N(C)C)c2O)c(=O)c1=O)c1ccc(C)o1
1.8808135922807914,C[C@@](C(=O)O[C@H]1C[N+]2(CCc3ccccc3)CCC1CC2)(c1ccccc1)N1CCCCC1
1.8864907251724818,CCN(CC)CCn1c2ccccc2c2cnc(N)c(C#N)c21
1.8864907251724818,C[C@@](C(=O)O[C@H]1C[N+]2(CCOCCc3ccccc3)CCC1CC2)(c1ccccc1)N1CCCCC1
1.8920946026904804,O=c1[nH]c2c(O)ccc([C@@H](O)CNCCc3cccc(CNCCc4c(Cl)cccc4Cl)c3)c2s1
1.899984562549391,C=CC(=O)Nc1cccc(Oc2nc(Nc3ccc(N4CCN(C)CC4)cc3OC)ncc2Cl)c1
1.9030356967884972,O=C(O[C@H]1C[N+]2(CCCOc3ccccc3)CCC1CC2)C(O)(c1cccs1)c1cccs1
1.9030899869919435,O=C(O)Cc1ccccc1Nc1c(Cl)cccc1Cl
1.9084850188786497,CCCC(=O)Nc1ccc(Cl)c(-c2nc3ncccc3o2)c1
1.9084850188786497,CN1CCN(c2nc3ccccc3cc2Cn2nc(-c3ccc4nc(N)sc4c3)c3c(N)ncnc32)CC1
1.9138138523837167,C[C@@](C(=O)O[C@H]1C[N+]2(CCCc3ccncc3)CCC1CC2)(c1ccccc1)N1CCCCC1
1.920018916028915,CCCSc1ccc2[nH]c(NC(=O)OC)nc2c1
1.920018916028915,COc1ccc(C)c(Nc2ncc3ccn(-c4ccccn4)c3n2)c1
1.9242792860618816,Cc1ccc(/C(=C\CN2CCCC2)c2ccccn2)cc1
1.9294189257142929,OCc1cc(C(O)CNCCCCCCOCCCCc2ccccc2)ccc1O
1.9294189257142929,O=c1[nH]c2c(O)ccc([C@@H](O)CNCCCSCCOCCc3cccc4ccccc34)c2s1
1.9294189257142929,CC1=C(C)C(=O)C(C(CCCCCC(=O)O)c2ccccc2)=C(C)C1=O
1.9299805905155147,O=C(Nc1nc2ccccc2n1CCCO)c1cccc([N+](=O)[O-])c1
1.9395192526186185,COc1ccc(N(C(=O)c2occc2C)C(C(=O)NC[C@@H](C)O)c2ccccc2F)c(OC)c1
1.9400181550076632,Cc1ccc2cc(C)c3nnc(SCC(=O)N4CCN(C(=O)c5ccco5)CC4)n3c2c1
1.9400181550076632,CC(C)(C)c1ccc(C(O)CCCN2CCC(C(O)(c3ccccc3)c3ccccc3)CC2)cc1
1.9400181550076632,CCN1CCN(c2ccc(Nc3cc(N(C)C(=O)Nc4c(Cl)c(OC)cc(OC)c4Cl)ncn3)cc2)CC1
1.9400181550076632,C=CC(=O)Nc1ccc(C)cc1
1.9444826721501687,Oc1nc2c(O)ccc(CCNCCCCCCOCCc3ccccc3)c2s1
1.9500239065233265,Cc1cc(C)cc(-c2nnc(SCC(=O)N3CCN(C(=O)c4ccco4)CC3)o2)c1
1.9500239065233265,Cc1cn([C@H]2CCCN(S(=O)(=O)c3ccc(O)c(Oc4ccc(Cl)cc4)c3)C2)c(=O)[nH]c1=O
1.9500239065233265,O=C1COC2(CCN(S(=O)(=O)c3ccc(-c4ccc5cccnc5c4)cc3)CC2)CN1C1CC1
1.9500239065233265,CC(C)CNc1nc(N2CCN(CC3CCCOC3)CC2)ncc1C(=O)NCc1ccccc1
1.9590413923210936,C[N+]1(C)CCC(OC(=O)C(O)(c2ccccc2)C2CCCC2)C1
1.9590413923210936,O=S(=O)(CCCOCCc1ccccc1)CCNCCc1ccc(O)c2nc(O)sc12
1.9590413923210936,CC[C@H](N)C(=O)N[C@H](C#N)Cc1ccc(-c2ccccc2)cc1
1.9590413923210936,COc1ccc(CNC(=O)Nc2ncc([N+](=O)[O-])s2)cc1
1.9590413923210936,c1ccc(CSc2nc3cccnc3[nH]2)cc1
1.9599948383284163,CN(C)C(=O)C(CCN1CCC(O)(c2ccc(Cl)cc2)CC1)(c1ccccc1)c1ccccc1
1.9599948383284163,CS(=O)(=O)CCNCc1ccc(-c2ccc3ncnc(Nc4ccc(OCc5cccc(F)c5)c(Cl)c4)c3c2)o1
1.9599948383284163,Cc1cccc(NC(=O)Nc2cccc3ccccc23)c1
1.9686230209569888,CC(C)(CCCCCOCCc1ccccc1)NCCc1ccc(O)c2nc(O)sc12
1.9700212658283658,Nc1ncnc2c1ncn2[C@@H]1O[C@H](CSCCCNC(=O)Nc2ccc(Cl)cc2)[C@@H](O)[C@H]1O
1.9800033715837464,Cc1cc(NC(=O)Nc2cccc3ccccc23)no1
1.989983458301399,O=C(O)CCc1ccc(OCc2cccc(Oc3ccccc3)c2)cc1
1.9912260756924949,O=C(NCCCCCCNCCc1ccc(O)c2nc(O)sc12)Nc1ccccc1
1.99563519459755,CC(C)N(CCNCCc1ccc(O)c2[nH]c(=O)sc12)C(=O)CCOCCc1ccccc1
2.0,O=C(c1cccc(Cc2n[nH]c(=O)c3ccccc23)c1)N1CCN(c2ncccn2)CC1
2.0043213737826426,CC(C)=CCC[N+]12CCC(CC1)[C@@H](OC(=O)[C@](C)(c1ccccc1)N1CCCCC1)C2
2.0100029741270595,Cc1sc2ncnc(SCC(=O)N3CCN(C(=O)c4ccco4)CC3)c2c1C
2.0100029741270595,CCc1nc2cc(O)ccc2c(Oc2ccc(/C=C/C(=O)O)cc2)c1-c1ccccc1
2.0136796972911926,COc1ccccc1C(=O)Nc1ccc(Cc2ccncc2)cc1
2.019988159591285,COc1ccc(CCN(C)CCCC(C#N)(c2ccc(OC)c(OC)c2)C(C)C)cc1OC
2.019988159591285,CCOC(=O)C1=C(C)NC(C)=C(C(C)=O)[C@H]1c1cccc2c(=O)cc(C)oc12
2.019988159591285,CC(CCc1cccc(OCc2ccc3ccccc3n2)c1)CC(=O)O
2.0211892990699383,CS(=O)(=O)Nc1ccc(CCOCCCS(=O)(=O)CCNCCc2ccc(O)c3nc(O)sc23)cc1
2.0293837776852097,CCCN(CCNCCc1ccc(O)c2[nH]c(=O)sc12)C(=O)CCOCCc1ccccc1
2.0293837776852097,O=c1[nH]c2c(O)ccc([C@@H](O)CNCCc3ccccc3CNCCc3ccccc3F)c2s1
2.0299921753778474,CCC(=O)O[C@]1(C(=O)SCF)[C@H](C)C[C@H]2[C@@H]3C[C@H](F)C4=CC(=O)C=C[C@]4(C)[C@@]3(F)[C@@H](O)C[C@@]21C
2.0299921753778474,CC[C@H](CO)Nc1nc(NCc2ccccc2)c2ncn(C(C)C)c2n1
2.0299921753778474,CC/C(=C(\c1ccccc1)c1ccc(/C=C/C(=O)O)cc1)c1ccccc1
2.03342375548695,O=c1[nH]c2c(O)ccc([C@@H](O)CN[C@H]3CCC[C@@H]3OCc3ccccc3)c2s1
2.03342375548695,Cc1cnc(-c2cnc(NCCNc3ccc(C#N)cn3)nc2-c2ccc(Cl)cc2Cl)[nH]1
2.03342375548695,C[C@@H](NCc1ccccc1-c1ccc(CCNC[C@H](O)c2ccc(O)c3[nH]c(=O)sc23)cc1)c1ccccc1
2.0400086360135417,CC(C)Oc1ccc2c(=O)c(-c3ccccc3)coc2c1
2.0400086360135417,CC(C)c1ccc(NC(=O)NCCCSC[C@H]2O[C@@H](n3cnc4c(N)ncnc43)[C@H](O)[C@@H]2O)cc1
2.041392685158225,C[C@@](C(=O)O[C@H]1C[N+]2(Cc3cc(-c4ccccc4)on3)CCC1CC2)(c1ccccc1)N1CCCCC1
2.0453229787866576,c1ccc(Nc2[nH]nnc2-c2ccccc2)cc1
2.0499928569201424,CCc1[nH]c2nc(Sc3cnc4ccc[n+]([O-])c4c3)nc(N3CC[C@@H](N)C3)c2c1Cl
2.05307844348342,O=c1[nH]c2c(O)ccc([C@@H](O)CNCCCSCCOCCc3ccccc3)c2s1
2.0569048513364727,CSc1ccc2c(c1)N(CCC1CCCCN1C)c1ccccc1S2
2.0600175425316003,COCC1=C(C(=O)OC(C)OC(=O)OC(C)C)N2C(=O)[C@@H](NC(=O)/C(=N\OC)c3csc(N)n3)[C@H]2SC1
2.070000903802345,CCC(C)(C)C[C@H](c1ccc(C(=O)O)c(Oc2cccc(Cl)c2)c1)N1CCC[C@H](n2cc(C)c(=O)[nH]c2=O)C1
2.070000903802345,CCOC(=O)C1=C(C)NC2=C(C(=O)CC(C)(C)C2)C1c1ccc(-c2ccccc2)cc1
2.070000903802345,Nc1ccc2c(-c3ccncc3)c(-c3ccc(F)cc3)[nH]c2n1
2.0718820073061255,O=c1[nH]c2c(O)ccc([C@@H](O)CNCCCOCCOCCc3cccc4ccccc34)c2s1
2.0755469613925306,CC(C(=O)O[C@@H]1CC[N+](C)(C)C1)(c1ccccc1)C1CCCC1
2.0800128471079278,Nc1ncc2cc(-c3c(Br)cccc3Br)c(N)nc2n1
2.0800128471079278,COc1ccc2nc(C)cc(OCC(=O)NCc3ccccc3)c2c1
2.0827853703164503,Cc1ncc2n1-c1ccc(Cl)cc1C(c1ccccc1F)=NC2
2.090011024007147,O=C(CN1CCOCC1)Nc1ccc(-c2cccc3c(=O)cc(N4CCOCC4)oc23)cc1-c1ccccc1
2.090011024007147,Cc1ccccc1-c1c(C(=O)O)n(CCCOc2cccc3ccccc23)c2ccccc12
2.090011024007147,Nc1ccc(-c2ccccc2Cl)cc1
2.0999912335446846,CCOC(=O)c1c(-c2ccccc2)nc2ccc(C)cn12
2.1072099696478683,C[C@@](C(=O)OC1CC[N+](C)(C)CC1)(c1ccccc1)C1CCCC1
2.109983294819892,Cc1cc(C)c(CNC(=O)c2cc(C3CC3)nc3c2cnn3C(C)C)c(O)n1
2.109983294819892,O=C(CSc1nc2c(c(=O)n1-c1ccccc1)SCC2)Nc1ncc(-c2ccccc2)s1
2.110589710299249,Cc1nc2ncnn2c(O)c1CCOC(=O)c1ccccc1F
2.113943352306837,C[C@@](C(=O)O[C@H]1C[N+]2(CCc3ccccc3F)CCC1CC2)(c1ccccc1)N1CCCCC1
2.113943352306837,COc1cccc(Nc2c(C(N)=O)cnc3c(C)cc(S(=O)(=O)c4cccc(C(=O)N(C)C)c4)cc23)c1
2.130333768495006,C[N+]1(C)[C@@H]2C[C@@H](OC(=O)C(O)(c3cccs3)c3cccs3)C[C@H]1[C@@H]1O[C@@H]12
2.130333768495006,CCN(CCNCCc1ccc(O)c2[nH]c(=O)sc12)C(=O)CCOCCc1ccccc1
2.1335389083702174,N#C[C@]1(NC(=O)[C@@H](N)Cc2cccs2)C[C@H]1c1ccccc1
2.1367205671564067,COC(=O)[C@H](c1ccccc1Cl)N1CCc2sccc2C1
2.140004950619449,COc1ccc2ncc(F)c(CCN3CCC(NCc4cc5c(cn4)OCCO5)CC3)c2n1
2.140004950619449,COc1cc(C(=O)OCCCCNC(=N)N)cc(OC)c1O
2.140004950619449,COc1ccc(-c2nc3c(NCCCN(C)C(=O)C4CCC4)c(Br)cnc3[nH]2)cc1
2.140004950619449,O=C(NCc1ccccc1)c1cc(-c2ccco2)on1
2.143014800254095,O=C(Nc1ccccc1)c1ccc2cccc(O)c2n1
2.146128035678238,CN(CCNCCc1ccc(O)c2nc(O)sc12)C(=O)CCOCCc1ccccc1
2.14921911265538,CC1(C)[C@@H]2CC[C@@]1(CS(=O)(=O)N1CCN(c3ccc(C(F)(F)F)cn3)CC1)C(=O)C2
2.149988456491476,Cc1cc(C)nc(SCC(=O)Nc2cc(C)on2)n1
2.1522883443830567,CNCC[C@@H](Oc1cc(OC)ccc1C#N)c1ccccc1
2.1583624920952498,CNCCC=C1c2ccccc2CCc2ccccc21
2.1583624920952498,Oc1nc2c(O)ccc(CCNCCCOCCOCCc3ccccc3)c2s1
2.159988050381987,CCCCNc1cc(C(=O)O)cc(S(N)(=O)=O)c1Oc1ccccc1
2.159988050381987,CC(C)[C@H]1C(=O)N[C@H](CO)Cc2ccccc2N1C
2.159988050381987,CC(C)Nc1nc(NCc2ccccc2)c2sccc2n1
2.1699975370665703,COCCNc1nc(NCc2ccccc2F)c2sccc2n1
2.1699975370665703,NC1(c2ccc(-c3nc4ccccc4cc3-c3ccccc3)cc2)CCC1
2.1699975370665703,CCOC(=O)c1c(-c2ccccc2)nc2cc(C)ccn12
2.173186268412274,O=C(Nc1ccc(F)cc1)c1ccc(Cl)[n+]([O-])c1
2.1760912590556813,CCCCN(CCNCCc1ccc(O)c2[nH]c(=O)sc12)C(=O)CCOCCc1ccccc1
2.1760912590556813,CN1CCN(C2=Nc3cc(Cl)ccc3Nc3ccccc32)CC1
2.1760912590556813,C#CC[C@@H](C(=O)N[C@H](/C=C/C(=O)OCC)C[C@@H]1CCNC1=O)n1cccc(NC(=O)c2cc(C)on2)c1=O
2.1760912590556813,COc1ccc([C@@H]2Sc3ccccc3N(CCN(C)C)C(=O)[C@@H]2OC(C)=O)cc1
2.1760912590556813,CCCc1nn(C)c2c(=O)[nH]c(-c3cc(S(=O)(=O)N4CCN(C)CC4)ccc3OCC)nc12
2.1760912590556813,N#Cc1ccc(Cl)cc1S[C@H](CCN)c1ccccc1
2.1760912590556813,COC(=O)C1=C(C)NC(C)=C(C(=O)OC)C1c1ccccc1[N+](=O)[O-]
2.1760912590556813,CNCCCN1c2ccccc2CCc2ccccc21
2.1760912590556813,CN(C)CCCN1c2ccccc2CCc2ccccc21
2.1760912590556813,COC(=O)C1=C(C)NC(C)=C(C(=O)OCCN(C)Cc2ccccc2)C1c1cccc([N+](=O)[O-])c1
2.1760912590556813,CC(C)NCC(O)COc1cccc2[nH]ccc12
2.1760912590556813,CN(CCCOCCOCCc1ccccc1)CCc1ccc(O)c2nc(O)sc12
2.1760912590556813,CCc1cnn2c(NCc3ccc[n+]([O-])c3)cc(N3CCCC[C@H]3CCO)nc12
2.1760912590556813,O=C(Nc1nc2ccccc2[nH]1)c1ccccc1
2.1760912590556813,COc1ccccc1CN1C(=O)c2ccccc2C1C(=O)NC1CCC(C)CC1
2.1760912590556813,Cc1ccccc1Nc1nc(N)nc(C)c1Br
2.1760912590556813,O=C(Nc1cccc(Cl)c1)c1ccccn1
2.1760912590556813,COc1cc(NC(=O)c2ccccn2)ccc1Cl
2.1760912590556813,CSCCC(NC(=O)c1ccccc1)c1nc2ccccc2n1Cc1ccc(C#N)cc1
2.1760912590556813,CN(C)CCCN1c2ccccc2Sc2ccc(Cl)cc21
2.1760912590556813,Cc1ccc(C)c(OCCCC(C)(C)C(=O)O)c1
2.1760912590556813,O=C(Nc1c(Cl)cncc1Cl)c1ccc(OC(F)F)c(OCC2CC2)c1
2.1760912590556813,CC(C)(C)NC(=O)[C@@H]1C[C@@H]2CCCC[C@@H]2CN1C[C@@H](O)[C@H](Cc1ccccc1)NC(=O)[C@H](CC(N)=O)NC(=O)c1ccc2ccccc2n1
2.1760912590556813,CC(C)(C)NCC(O)COc1nsnc1N1CCOCC1
2.1760912590556813,CCOC(=O)c1cnc2c(N)cccc2c1O
2.1760912590556813,C[C@H]1C[C@@H]2[C@H]([C@@H](O)C[C@@]3(C)[C@H]2CC[C@]3(O)C(=O)CO)[C@@]2(C)C=CC(=O)C=C12
2.1760912590556813,CCOC(=O)/C=C/[C@H](C[C@@H]1CCNC1=O)NC(=O)[C@@H](CC(=O)[C@@H](NC(=O)c1cc(C)on1)C(C)C)Cc1ccc(F)cc1
2.1760912590556813,Cc1nnc2n1-c1ccc(Cl)cc1C(c1ccccc1Cl)=NC2
2.1760912590556813,O=C(c1csc2c1CCCC2)N1CCCCC1
2.1760912590556813,CCc1cccc2cc(C(O)CNC(C)(C)C)oc12
2.1760912590556813,CCN(CC)c1ccc2cc(C(C)=O)c(=O)oc2c1
2.1760912590556813,Cc1ccc2nc(C[N+]34CCC(CC3)[C@@H](OC(=O)[C@](C)(c3ccccc3)N3CCCCC3)C4)oc2c1
2.1760912590556813,CC(C)CCOc1ccc(N)cc1
2.1760912590556813,O=C(Nc1ccccc1Cl)c1cc[nH]n1
2.1760912590556813,Nc1ncnc2c1c(COc1cccc(Cl)c1)nn2C1CCOCC1
2.1760912590556813,COc1cnc(-c2ccccn2)nc1N(C)c1ccccc1
2.1760912590556813,Nc1ccc(OCCc2ccccc2)cc1
2.1760912590556813,Cc1ccc(CCNC(=O)c2ccc3sc(CO)nc3c2)cc1
2.1760912590556813,O=C(Nc1cc(-c2ccncc2)c[nH]c1=O)[C@H](Cc1ccccc1)NC1(c2ccccn2)CC1
2.1760912590556813,CC(=O)c1cn(Cc2ccccc2)c(=O)n(Cc2ccc(F)cc2)c1=O
2.1760912590556813,Cc1ccc(NC(=O)[C@@H]2CCCN2S(=O)(=O)c2cccc3cccnc23)c(C)c1
2.1760912590556813,Cc1ccc(NC(=O)[C@H]2CCCN2S(=O)(=O)c2cccc3cccnc23)c(C)c1
2.1760912590556813,CNc1nc(C)c(-c2nc(Nc3cccc(N4CCCN(C(C)=O)CC4)c3)ncc2C#N)s1
2.1760912590556813,Cc1cc(C(=O)Cn2cc(C(F)(F)F)ccc2=O)c(C)n1Cc1ccccc1
2.1760912590556813,O=C1[C@@H]2[C@@H]3CC[C@@H](C3)[C@@H]2C(=O)N1[C@H]1CC[C@H](C(=O)Nc2cccc3cccnc23)CC1
2.1760912590556813,CC(=O)c1cc2ccc(O)cc2oc1=O
2.1760912590556813,CC(=O)c1ncccc1NC(=O)[C@H]1CC[C@H](N2C(=O)[C@@H]3[C@@H]4CC[C@@H](C4)[C@@H]3C2=O)CC1
2.1760912590556813,COc1cccc(Nc2nc(NCC3CCCO3)c3ccccc3n2)c1
2.1760912590556813,O=C(Nc1cccc(CCO)c1)c1cc2cc(Cl)ccc2[nH]1
2.1760912590556813,Cc1[nH]c2ccc(-c3nnc(SCC(=O)N4CCCc5ccccc54)o3)cc2c1C
2.1760912590556813,CC(=O)[C@@]1(O)CC[C@H]2[C@@H]3CCC4=CC(=O)CCC4=C3[C@@H](c3ccc(N(C)C)cc3)C[C@@]21C
2.1760912590556813,CCN(CC)S(=O)(=O)c1ccc(-c2nnc(SCC(=O)N3CCc4ccccc43)o2)cc1
2.1760912590556813,CCc1nc2ccc(C(=O)NCc3ccc4c(c3)OCO4)cn2c1N(C)Cc1cccs1
2.1760912590556813,Cc1cc(CCCOc2c(Cl)cc(C3=NCCO3)cc2Cl)on1
2.1760912590556813,COc1ccc(N(C(=O)c2ccccc2)C(C(=O)NC2CCCC2)c2ccccc2F)c(OC)c1
2.1760912590556813,COc1cccc(CNc2nc(NC(C)C)nc3ccsc23)c1OC
2.1760912590556813,COc1cc(O)c(C(CC(=O)N2CC(C)CC(C)C2)c2ccc3c(c2)OCO3)c(OC)c1
2.1760912590556813,CNc1nc(C)c(-c2nc(Nc3cccc(N4CCCCC4)c3)ncc2C#N)s1
2.1760912590556813,O=C1COC2(CCN(S(=O)(=O)c3ccc(-c4ccc5cnccc5c4)cc3)CC2)CN1C1CC1
2.1760912590556813,Cc1ccc(-c2nnc(SCC(=O)N3CCN(c4ccccc4)CC3)o2)cc1
2.1760912590556813,O=C(CSc1nc2c(c(=O)n1-c1ccccc1)SCC2)Nc1ccc(-c2ccccc2)cn1
2.1760912590556813,COc1ccccc1C(=O)/C=C/c1ccccc1C(F)(F)F
2.1760912590556813,Cc1c(C)c2c(c(C)c1O)CCC(C)(COc1ccc(CC3SC(=O)NC3=O)cc1)O2
2.1760912590556813,COc1ccc2nc(NC(=O)CCc3ccc(OC)c(OC)c3)sc2c1
2.1760912590556813,COc1cc2cc(-c3ccc(O)cc3O)nc(C)c2cc1OC
2.1760912590556813,CCOC(=O)c1ccc(OCCC2CCN(c3ccc(C)nn3)CC2)cc1
2.1760912590556813,O=C(Nc1nc2c(=O)[nH]cnc2s1)c1ccccc1
2.1760912590556813,Cc1ccc(CNC(=O)C2CCCN2S(=O)(=O)c2ccc(F)cc2)cc1
2.1760912590556813,C=CC(=O)Nc1ccc2ncnc(Nc3cccc(C)c3)c2c1
2.1760912590556813,Cc1c(C(=O)Nc2ccccc2)sc2ncnc(O)c12
2.1760912590556813,CSCCC(NC(=O)c1sccc1Cl)c1nc2ccccc2[nH]1
2.1760912590556813,CC(C)(C)c1csc(N2CCN(C(=O)[C@@H]3CCCC[C@H]3C(=O)NC3(C#N)CC3)CC2)n1
2.1760912590556813,Cc1ccc(CCOCCNS(=O)(=O)CCCNCCc2ccc(O)c3nc(O)sc23)cc1
2.1760912590556813,NC1(c2ccc(-c3c(-c4ccccc4)ccn4ccnc34)cc2)CCC1
2.1760912590556813,NCCc1ccc(O)c2nc(O)sc12
2.1760912590556813,[O-][S+](c1ccccc1)c1ccc2nnnn2n1
2.1760912590556813,COc1ccc2ncc(=O)n(CCN3CCC(NCc4cc5c(cn4)OCCO5)CC3)c2c1
2.1760912590556813,C=CCc1ccccc1OCC(O)CNC(C)C
2.1760912590556813,Cn1sc(=O)c2cc(S(=O)(=O)NC3CC3)ccc21
2.1760912590556813,Cc1ccccc1C(OCCN(C)C)c1ccccc1
2.1760912590556813,O=C(O)CCc1ccc(OCc2cccc(Br)c2)cc1
2.1760912590556813,C[C@@H](O)[C@H]1C(=O)N2C(C(=O)OCOC(=O)C(C)(C)C)=C(SC3CN(C4=NCCS4)C3)[C@H](C)[C@H]12
2.1760912590556813,CN(C)CCCOc1nn(Cc2ccccc2)c2ccccc12
2.1760912590556813,CC1(C)[C@@H]2CC[C@@]1(CS(=O)(=O)N1CCN(c3ccc(C#N)cn3)CC1)C(=O)C2
2.1760912590556813,COc1ccc(CNC(=O)CSc2nc3cccnc3s2)cc1
2.1760912590556813,CCCCN(CCNC[C@H](O)c1ccc(O)c2[nH]c(=O)sc12)C(=O)CCOCCc1ccccc1
2.1760912590556813,O=c1[nH]c2c(O)ccc([C@@H](O)CNCCSCCCOCCc3ccccc3)c2s1
2.1760912590556813,COc1ccc(N(C(=O)c2ccccc2)C(C(=O)NC[C@@H](C)O)c2ccccc2F)c(OC)c1
2.1760912590556813,CN(CCc1ccc(O)c2nc(O)sc12)CCN(C)C(=O)CCOCCc1ccccc1
2.1760912590556813,COC(=O)c1ccc(C)c(NS(=O)(=O)c2ccc3c(c2)c(=O)sn3C)c1
2.1760912590556813,Cc1ccccc1NC(=O)CCS(=O)(=O)c1ccc(Br)s1
2.1760912590556813,NC1(c2ccc(-c3nc4ccccn4c3-c3ccccc3)cc2)CCC1
2.1760912590556813,COc1ccc(N(C(C)=O)C(C(=O)NC2CCCC2)c2ccccc2F)c(OC)c1
2.1760912590556813,COc1ccnc(CSc2nc3ccccc3[nH]2)c1
2.1760912590556813,O=C(c1cccc(Cl)c1Cl)N1CCN(c2ccccn2)CC1
2.1760912590556813,COc1ccc(N(C(=O)c2ccco2)C(C(=O)NC2CCCC2)c2ccccc2F)c(OC)c1
2.1760912590556813,O=C(Nc1nc2ccccc2n1CCN1CCOCC1)c1cccc([N+](=O)[O-])c1
2.1760912590556813,Clc1ccccc1CN1CCc2sccc2C1
2.1760912590556813,CCOC(=O)c1c(C)n(Cc2ccco2)c2ccc(O)cc12
2.1760912590556813,Clc1cccc(-n2nnnc2NCc2ccccc2Oc2ccccn2)c1Cl
2.1760912590556813,c1csc(Cn2nnnc2CN2CCN(c3nc4ccccc4s3)CC2)c1
2.1760912590556813,O=C(Nc1cc(-c2ccnc(Nc3ccccc3)c2)ccn1)C1CCOCC1
2.1760912590556813,COC(=O)C1=C(C)NC(C)=C(C(=O)OC(C)C)[C@@H]1c1cccc2nonc12
2.1760912590556813,COc1ccc2nc(C)cc(OCC(=O)Nc3ccccc3OC)c2c1
2.1760912590556813,Cc1ccc(F)cc1S(=O)(=O)N[C@@H]1CCN(Cc2ccc(-c3ccccc3)cc2)C1
2.1760912590556813,CCOC(=O)CN(c1ccccc1C)S(=O)(=O)c1ccc(Cl)cc1
2.1760912590556813,COc1cccc(NC(=O)c2cccc(Cc3c(C)nn(CCO)c3-c3ccccc3)c2)c1
2.1760912590556813,O=C(O)CCCCCCc1ccc(Cc2ccc3ccccc3n2)cc1
2.1760912590556813,O=C(Nc1cc(-c2ccnc(Nc3ccc(F)cc3)c2)ccn1)C1CCOCC1
2.1760912590556813,O=C(NCc1cccnc1)c1cc(-c2ccco2)on1
2.1760912590556813,O=C(c1ccccc1)N1CCN(Cc2ccccc2)CC1
2.1760912590556813,CCC(=O)NC(c1cccs1)c1cc(Cl)c2cccnc2c1O
2.1760912590556813,CCn1c(SCC(=O)Nc2cc(C)on2)nnc1-c1ccccc1
2.1760912590556813,CCc1cccc2c1N(C)Cc1cc3c(cc1-2)OCO3
2.1760912590556813,Oc1nc2c(O)ccc(CCNCCOCCCOCCc3ccccc3)c2s1
2.1760912590556813,O=S(=O)(c1ccccc1)N1CCN(Cc2ccccc2)CC1
2.1760912590556813,Cc1cc(OCC(=O)Nc2ccccc2)c2cc(Br)ccc2n1
2.1760912590556813,CO[C@H]1C[C@@H]2CC[C@@H](C)[C@@](O)(O2)C(=O)C(=O)N2CCCC[C@H]2C(=O)O[C@H]([C@H](C)C[C@@H]2CC[C@@H](O)[C@H](OC)C2)CC(=O)[C@H](C)/C=C(\C)[C@@H](O)[C@@H](OC)C(=O)[C@H](C)C[C@H](C)/C=C/C=C/C=C/1C
2.1760912590556813,CNCC[C@@H](Oc1cc(Cl)ccc1C#N)c1ccccc1
2.1760912590556813,CO[C@H]1C[C@@H]2CC[C@@H](C)[C@@](O)(O2)C(=O)C(=O)N2CCCC[C@H]2C(=O)O[C@H]([C@H](C)C[C@@H]2CC[C@@H](OC(=O)C(C)(CO)CO)[C@H](OC)C2)CC(=O)[C@H](C)/C=C(\C)[C@@H](O)[C@@H](OC)C(=O)[C@H](C)C[C@H](C)/C=C/C=C/C=C/1C
2.1760912590556813,NC1(c2ccc(-c3nn4ccnc4cc3-c3ccccc3)cc2)CCC1
2.1760912590556813,O=C(c1ccc(O)cc1O)N1CCCC1
2.1760912590556813,N#CCC(CNc1ncc(C(F)(F)F)cc1Cl)OC(=O)c1c(F)cccc1F
2.1760912590556813,COc1ccc(-c2nc(O)c3ccccc3n2)cc1
2.1760912590556813,CCCCn1c(SCC(=O)Nc2cc(C)on2)nnc1-c1ccco1
2.1760912590556813,CCn1c(SCC(=O)Nc2cccc(C)c2)nnc1-c1ccccc1
2.1760912590556813,c1ccc(Oc2nccc3ccccc23)cc1
0.47712125471966244,CCCCNC(=O)c1ccc(Oc2ccc(CC(=O)O)cc2OC)c(NS(=O)(=O)c2ccc(Cl)cc2Cl)c1
0.47712125471966244,C[C@@H](C(N)=O)c1ccc(OS(=O)(=O)C(F)(F)F)cc1
0.47712125471966244,O=C(NCC1CCCCN1)c1cc(OCC(F)(F)F)ccc1OCC(F)(F)F
0.47712125471966244,O=c1[nH]c2c(O)ccc([C@@H](O)CNCCCOCCNCCc3cccc(Cl)c3)c2s1
0.47712125471966244,N#Cc1ccc(C[C@@H](C(=O)O)N2CCC(CN3CCC(Oc4ccc(Cl)c(Cl)c4)CC3)CC2)cc1
0.47712125471966244,COc1nc(Br)cnc1NS(=O)(=O)c1ccc(Cl)s1
0.47712125471966244,Cn1c(=O)c2c(ncn2C)n(C)c1=O
0.47712125471966244,Cc1cc(=O)n(-c2ccccc2)n1C
0.47712125471966244,CCN1CCN(C(=O)N[C@@H](C(=O)N[C@@H]2C(=O)N3C(C(=O)O)=C(CSc4nnnn4C)CS[C@H]23)c2ccc(O)cc2)C(=O)C1=O
0.47712125471966244,Cc1ccc(S(=O)(=O)Nc2c(C(=O)N[C@@H](C)C(C)(C)C)c(C)nn2C2CCOCC2)cc1
0.47712125471966244,Cc1cc(OC2CCN(CC3CCN([C@@](C)(Cc4ccc(F)cc4)C(=O)O)CC3)CC2)ccc1Cl
0.47712125471966244,CC(C)(C(=O)O)c1ccc(C(O)CCCN2CCC(C(O)(c3ccccc3)c3ccccc3)CC2)cc1
0.47712125471966244,Cc1noc(NS(=O)(=O)c2ccc(N)cc2)c1C
0.47712125471966244,Cc1nn(C2CCOCC2)c(NS(=O)(=O)c2ccc(C3CC3)cc2)c1C(=O)N[C@@H](C)C(C)(C)C
0.47712125471966244,O=C(O)COc1ccc(Cl)cc1CN1CCN(S(=O)(=O)c2ccc(F)cc2)CC1
0.47712125471966244,Cc1c(OC2CCN(CC3CCN([C@@](C)(Cc4ccc(F)cc4)C(=O)O)CC3)CC2)ccc(Cl)c1Cl
0.47712125471966244,Cc1c(CC(=O)O)c2cc(F)ccc2n1S(=O)(=O)c1ccc(S(C)(=O)=O)cc1
0.47712125471966244,O=C(O)COc1ccc(Cl)cc1CN1CCN(S(=O)(=O)c2ccccc2)CC1
0.47712125471966244,N#Cc1cccc(-c2cc(C(F)(F)F)ccc2OCC(=O)O)c1
0.47712125471966244,C[C@H]1CN(Cc2cc(Cl)ccc2OCC(=O)O)CCN1C(=O)Cc1ccc(Cl)cc1
0.47712125471966244,C[C@H](CO)Nc1nc(SCc2ccccc2)nc2[nH]c(=O)sc12
0.47712125471966244,CN(C)S(=O)(=O)NC(=O)CCCc1c(-c2ccc(F)cc2)[nH]c2ccc(C#N)cc12
0.47712125471966244,CCCCC(=O)N(Cc1ccc(-c2ccccc2-c2nnn[nH]2)cc1)[C@H](C(=O)O)C(C)C
0.47712125471966244,CC(C)n1c(/C=C/C(O)CC(O)CC(=O)O)c(-c2ccc(F)cc2)c2ccccc21
0.47712125471966244,N=C(N)NC(=O)c1nc(Cl)c(N)nc1N
0.47712125471966244,Cc1c(OC2CCN(CC3CCN([C@@H](Cc4ccc(F)cc4)C(=O)O)CC3)CC2)ccc(C#N)c1Cl
0.47712125471966244,COCC1=C(C(=O)O)N2C(=O)[C@@H](NC(=O)/C(=N\OC)c3csc(N)n3)[C@H]2SC1
0.47712125471966244,O=C(CO)N1CCC(c2[nH]nc(-c3ccc(Cl)cc3F)c2-c2ccncn2)CC1
0.47712125471966244,Cc1cc(-c2ccc(Cl)c(C(=O)NCC3(O)CCCCCC3)c2)nn1C[C@H](O)CN
0.47712125471966244,CC(C)(C)NS(=O)(=O)c1cncc(-c2ccc3nc(NC(=O)NCC(=O)N4CCCC4)nn3c2)c1
0.47712125471966244,O=C(CC1CCCCCC1)Nc1cccc2c(=O)n([C@H]3CCNC3)ccc12
0.47712125471966244,O=C(c1ccccc1)N1CCC2(CCN(Cc3cccc(Cl)c3)CC2)CC1
0.47712125471966244,COCC(C)n1nc(C)c(C(=O)N[C@@H](C)C(C)(C)C)c1NS(=O)(=O)c1ccc(C)cc1
0.47712125471966244,O=C(NCC1(O)CCCCCC1)c1cc(-n2ncc(=O)[nH]c2=O)ccc1Cl
0.47712125471966244,O=C(Cc1ccc(F)c(C(F)(F)F)c1)Nc1cccc2c(=O)n([C@@H]3CNC[C@H]3O)ccc12
0.47712125471966244,C[C@H]1CN(Cc2cc(Cl)ccc2OCC(=O)O)CCN1C(=O)Cc1ccc(F)cc1
0.47712125471966244,Nc1nc2ccc(C(=O)c3ccccc3)cc2[nH]1
0.47712125471966244,C[C@H](Nc1nc(Nc2cc(C3CC3)[nH]n2)cnc1C#N)c1ccc(F)cn1
0.47712125471966244,CCCCOc1nc(N)c2[nH]c(=O)n(Cc3cccc(CC(=O)O)c3)c2n1
0.47712125471966244,O=C(O)c1ccc(-c2ccc(Cl)c(C(=O)NCC34CC5CC(CC(C5)C3)C4)c2)cc1
0.47712125471966244,CN(CC(=O)O)NC(=O)C[C@H](N)C[C@@H](O)CN
0.47712125471966244,Cc1cc(C)nc(SCC(N)=O)n1
0.47712125471966244,CC1N=C(N)N=C(N)N1c1ccc(Cl)cc1
0.47712125471966244,Cc1ccc(S(=O)(=O)Nc2c(C(=O)N[C@@H](C)C(C)(C)C)c(C)nn2C2CCN(C)CC2)cc1
0.47712125471966244,CCc1c2c(nc3ccc(OC(=O)N4CCC(N5CCCCC5)CC4)cc13)-c1cc3c(c(=O)n1C2)COC(=O)[C@]3(O)CC
0.47712125471966244,NC(=O)c1ccc(N(C(N)=O)c2c(F)cccc2F)nc1-c1ccc(F)cc1F
0.47712125471966244,CNC(=O)Nc1nc2ccc(-c3cncc(S(=O)(=O)NC(C)(C)C)c3)cn2n1
0.47712125471966244,CC(=O)N[C@@H](CCN)C(=O)N[C@H](C(=O)N[C@@H](CCN)C(=O)N[C@H]1CCNC(=O)[C@H]([C@@H](C)O)NC(=O)[C@H](CCN)NC(=O)[C@H](CCN)NC(=O)[C@H](CC(C)C)NC(=O)[C@@H](Cc2ccccc2)NC(=O)[C@H](CCN)NC1=O)[C@@H](C)O
0.47712125471966244,O=C(Nc1c[nH]nc1-c1nc2ccc(CN3CCOCC3)cc2[nH]1)NC1CC1
0.47712125471966244,CC(C)c1nnc2ccc(-c3ocnc3-c3cc(F)ccc3F)cn12
0.47712125471966244,CCCS(=O)(=O)N1N=Cc2cc(Cl)ccc2B1O
0.47712125471966244,N#Cc1cc(-c2n[nH]c(-c3ccncc3)n2)ccn1
0.47712125471966244,CCCCCCCC(=O)N[C@@H](CCN)C(=O)N[C@H](C(=O)N[C@@H](CCN)C(=O)N[C@H]1CCNC(=O)[C@H]([C@@H](C)O)NC(=O)[C@H](C)NC(=O)[C@H](CCN)NC(=O)[C@H](CC(C)C)NC(=O)[C@@H](Cc2ccccc2)NC(=O)[C@H](CCN)NC1=O)[C@@H](C)O
0.47712125471966244,Cc1ccc(S(=O)(=O)Nc2c(C(=O)N[C@@H](C)C(C)(C)C)c(C)nn2C2CCN(CC(F)(F)F)CC2)cc1
0.47712125471966244,CCCCCCCC(=O)N[C@@H](CCN)C(=O)N[C@H](C(=O)N[C@@H](C)C(=O)N[C@H]1CCNC(=O)[C@H]([C@@H](C)O)NC(=O)[C@H](CCN)NC(=O)[C@H](CCN)NC(=O)[C@H](CC(C)C)NC(=O)[C@@H](Cc2ccccc2)NC(=O)[C@H](CCN)NC1=O)[C@@H](C)O
0.47712125471966244,CCCCCCCC(=O)N[C@@H](C)C(=O)N[C@H](C(=O)N[C@@H](CCN)C(=O)N[C@H]1CCNC(=O)[C@H]([C@@H](C)O)NC(=O)[C@H](CCN)NC(=O)[C@H](CCN)NC(=O)[C@H](CC(C)C)NC(=O)[C@@H](Cc2ccccc2)NC(=O)[C@H](CCN)NC1=O)[C@@H](C)O
0.47712125471966244,CCCCCCCC(=O)N[C@@H](CCN)C(=O)N[C@@H](C)C(=O)N[C@@H](CCN)C(=O)N[C@H]1CCNC(=O)[C@H]([C@@H](C)O)NC(=O)[C@H](CCN)NC(=O)[C@H](CCN)NC(=O)[C@H](CC(C)C)NC(=O)[C@@H](Cc2ccccc2)NC(=O)[C@H](CCN)NC1=O
0.47712125471966244,Cc1ccc(S(=O)(=O)Nc2c(C(=O)N[C@@H](C)C(C)(C)C)c(C)nn2C2CCOC2)cc1
0.47712125471966244,CCCCCCCC(=O)N[C@@H](CCN)C(=O)N[C@H](C(=O)N[C@@H](CCN)C(=O)N[C@H]1CCNC(=O)[C@H](C)NC(=O)[C@H](CCN)NC(=O)[C@H](CCN)NC(=O)[C@H](CC(C)C)NC(=O)[C@@H](Cc2ccccc2)NC(=O)[C@H](CCN)NC1=O)[C@@H](C)O
0.47712125471966244,O=C(NC[C@@H](O)CN1CCC(Oc2ccc(Cl)c(Cl)c2)CC1)c1c[nH]c(=O)c2cc(S(=O)(=O)N3CCC3)ccc12
0.47712125471966244,C[C@@H](NC(=O)C1CCNCC1)c1ccc(Nc2ncc3cc(-c4ccncc4)ccc3n2)cc1
0.47712125471966244,O=C(O)Cc1cccc(N2CCC(CN3CCC(Oc4ccc(Cl)c(Cl)c4)CC3)CC2)c1
0.47712125471966244,C[C@H]1CN(Cc2cc(Cl)ccc2OCC(=O)O)CCN1S(=O)(=O)c1ccccc1
0.47712125471966244,O=C(O)COc1cccc(N2CCC(CN3CCC(Oc4ccc(Cl)c(Cl)c4)CC3)CC2)c1
0.47712125471966244,C[C@H](Oc1ccc(Cl)cc1CN1CCN(C(=O)Cc2ccc(Cl)cc2)[C@@H](C)C1)C(=O)O
0.47712125471966244,O=C(O)COc1ccccc1N1CCC(CN2CCC(Oc3ccc(Cl)c(Cl)c3)CC2)CC1
0.47712125471966244,Cc1cn([C@H]2CCCN([C@@H](CC(C)(C)C)c3ccc(C(=O)O)c(Oc4cccc(Br)c4)c3)C2)c(=O)[nH]c1=O
0.47712125471966244,O=C(O)Cc1ccccc1N1CCC(CN2CCC(Oc3ccc(Cl)c(Cl)c3)CC2)CC1
0.47712125471966244,COc1cc2ncnc(Nc3cc4ccccc4cn3)c2cc1OC
0.47712125471966244,C[C@@H](c1ccc(-c2ccc(F)cc2F)cc1)N1CC[C@](CCO)(c2ccc(F)cc2)OC1=O
0.47712125471966244,Cc1c(CN2CCN(C(=O)[C@H](C)O)CC2)sc2c(N3CCOCC3)nc(-c3cnc(N)nc3)nc12
0.47712125471966244,Nc1c(C(=O)c2cccc(OC[C@@H](O)CO)c2)cnn1-c1ccc(F)cc1
0.47712125471966244,CNC(=O)Cc1ccc2c(=O)cc(-c3cccnc3)[nH]c2c1
0.47712125471966244,Cc1c(C(=O)NC2C3CC4CC(C3)CC2C4)cnn1-c1ccc(C(=O)O)cc1
0.47712125471966244,Cc1ccc(NC(=O)c2ccoc2)cc1-n1cnc2ccc(N3CCN(C)CC3)cc2c1=O
0.47712125471966244,N#CC1(NC(=O)[C@@H]2CCCC[C@H]2C(=O)N2CCc3[nH]c4ncccc4c3C2)CC1
0.47712125471966244,CC1Sc2c(C(=O)O)c(=O)c3cc(F)c(N4CCNCC4)cc3n21
0.47712125471966244,CC1=C(C(=O)O)N2C(=O)[C@@H](NC(=O)[C@H](N)c3ccc(O)cc3)[C@H]2SC1
0.47712125471966244,OB1c2ccccc2N=C(S)N1c1cccnc1
0.47712125471966244,Cc1cc(NS(=O)(=O)c2ccc(N)cc2)no1
0.47712125471966244,C(=C/c1nn[nH]n1)\c1ccccc1
0.47712125471966244,C[C@H]1COc2c(N3CCN(C)CC3)c(F)cc3c(=O)c(C(=O)O)cn1c23.C[C@H]1COc2c(N3CCN(C)CC3)c(F)cc3c(=O)c(C(=O)O)cn1c23.O
0.47712125471966244,CCS(=O)(=O)Nc1cccc2c1c(Oc1ccc(Cl)cc1)c(C)n2CC(=O)O
0.47712125471966244,Cc1ncc([N+](=O)[O-])n1CCO
0.47712125471966244,Cc1c2c(=O)n(-c3ccccc3Cl)[nH]c2cc(=O)n1Cc1ccccn1
0.47712125471966244,CCS(=O)(=O)c1ccc(Oc2c(C)n(CC(=O)O)c3ccc(C(F)(F)F)cc23)cc1
0.47712125471966244,CCOc1nc2cccc(C(=O)O)c2n1Cc1ccc(-c2ccccc2-c2nnn[nH]2)cc1
0.47712125471966244,O=C(O)COc1ccc(C(F)(F)F)cc1CN1CCN(S(=O)(=O)c2ccccc2)CC1
0.47712125471966244,O=C(O)COc1ccc(Cl)cc1CN1CCC(S(=O)(=O)c2ccccc2)CC1
0.47712125471966244,CO[C@H]1/C=C/O[C@@]2(C)Oc3c(C)c(O)c4c(O)c(cc(O)c4c3C2=O)NC(=O)/C(C)=C\C=C\[C@H](C)[C@H](O)[C@@H](C)[C@@H](O)[C@@H](C)[C@H](OC(C)=O)[C@@H]1C
0.47712125471966244,CCNC(=O)c1ccc(C)c(-n2cnc3ccc(N4CCN(C)CC4)cc3c2=O)c1
0.47712125471966244,Cn1c(=O)c(Oc2ccc(F)cc2F)cc2cnc(NC(CCO)CCO)nc21
0.47712125471966244,C[C@H]1CN(Cc2cc(Cl)ccc2CCC(=O)O)CCN1C(=O)Cc1ccccc1
0.47712125471966244,C[C@H]1CN(Cc2cc(Cl)ccc2CC(=O)O)CCN1C(=O)Cc1ccc(Cl)cc1
0.47712125471966244,Cc1cc(F)ccc1OC1CCN(CC2CCN([C@@H](Cc3ccc(F)cc3)C(=O)O)CC2)CC1
0.47712125471966244,O=C(O)[C@H](Cc1ccc(F)cc1)N1CCC(CN2CCC(Oc3ccc(Cl)cc3)CC2)CC1
0.47712125471966244,CC1(C)C(=O)Nc2ccccc21
0.47712125471966244,C[C@@](CCc1ccc(-c2ccc(Cl)cc2)cc1)(C(=O)NO)S(C)(=O)=O
0.47712125471966244,Cc1cc(Cl)ccc1OC1CCN(CC2CCN([C@@H](Cc3ccc(F)cc3)C(=O)O)CC2)CC1
0.47712125471966244,O=C(O)[C@H](Cc1ccc(F)cc1)N1CCC(CN2CCC(Oc3ccc(Cl)cc3Cl)CC2)CC1
0.47712125471966244,Cc1nn(C)c2ccc(N3CCN(C(=O)[C@@H]4CCCC[C@H]4C(=O)NC4(C#N)CC4)[C@H](C)C3)cc12
0.47712125471966244,Cc1cccc(C[C@@H](C(=O)O)N2CCC(CN3CCC(Oc4ccc(Cl)c(Cl)c4)CC3)CC2)c1
0.47712125471966244,Cc1ccc(C[C@@H](C(=O)O)N2CCC(CN3CCC(Oc4ccc(Cl)c(Cl)c4)CC3)CC2)cc1
0.47712125471966244,CC(C)c1ccccc1Cc1cc(C(=O)Nc2ccc(S(=O)(=O)c3ccccc3C(C)(C)C)cc2)c(O)c(O)c1O
0.47712125471966244,Cc1[nH]c2nc(NCc3cccc(Br)c3)nn2c(=O)c1Cc1ccccc1
0.47712125471966244,O=CN(O)CCCP(=O)(O)O
0.47712125471966244,O=C(O)COc1ccc(C(F)(F)F)cc1CN1CCN(C(=O)c2ccccc2)CC1
0.47712125471966244,CN(C)CCNc1cc(-c2ccc(N3CCN(C)CC3)cc2)nc2ccccc12
0.47712125471966244,O=c1c2c3n(c(=O)cc2[nH]n1-c1ccccc1Cl)CCCN(Cc1ccccc1)C3
0.47712125471966244,Nc1ncnc2c1ncn2[C@@H]1O[C@H](CO)[C@@H](O)[C@H]1O
0.47712125471966244,N[C@@H](C(=O)N[C@@H]1C(=O)N2C(C(=O)O)=C(Cl)CC[C@H]12)c1ccccc1
0.47712125471966244,CC1(C)S[C@@H]2[C@H](NC(=O)[C@H](N)c3ccc(O)cc3)C(=O)N2[C@H]1C(=O)O
0.47712125471966244,O=c1cc(-c2ccc(Br)cc2)oc2ccccc12
0.47712125471966244,CC(C)C[C@H](N)C(=O)NC[C@H](O)C[C@@H](N)CC(=O)NN(C)CC(=O)O
0.47712125471966244,C[C@H](C#Cc1ccc(Cc2ccc(F)cc2)s1)N(O)C(N)=O
0.47712125471966244,C[C@@H](C(=O)NS(C)(=O)=O)c1ccc(OS(=O)(=O)C(F)(F)F)cc1
0.47712125471966244,CCS(=O)(=O)CCCC12CCC(c3nnc(-c4ccccc4C(F)(F)F)n3C)(CC1)CC2
