rat_subcutaneous_LD50_(?log(mol/kg)),canonical_smiles
5.012294585,COC12C(COC(N)=O)C3=C(C(=O)C(C)=C(N)C3=O)N1CC1NC12
3.245232599,CCOC(=O)C1(c2ccccc2)CCN(C)CC1
2.907020934,CC12CCC(=O)C=C1CCC1C2C(O)CC2(C)C1CCC2(O)C(=O)CO
3.389527695,CC12C=CC(=O)C=C1CCC1C2C(O)CC2(C)C1CCC2(O)C(=O)CO
2.373513955,Clc1ccc(C(c2ccc(Cl)cc2)C(Cl)(Cl)Cl)cc1
3.702974787,c1ccc2c(c1)cc1ccc3cccc4ccc2c1c34
3.08414849,CCCCC1C(=O)N(c2ccccc2)N(c2ccccc2)C1=O
3.092217692,CC(C)[N+](C)(CCOC(=O)C1c2ccccc2Oc2ccccc21)C(C)C
3.228120778,S=c1nc[nH]c2nc[nH]c12
3.08060137,CN(C)CCCN1c2ccccc2CCc2ccccc21
3.628556484,CN(C)CCCN1c2ccccc2Sc2ccc(Cl)cc21
4.386454731,COC(=O)C1C2CC3c4[nH]c5cc(OC)ccc5c4CCN3CC2CC(OC(=O)c2cc(OC)c(OC)c(OC)c2)C1OC
4.690941379,CCC(C)C1NC(=O)C(Cc2ccc(O)cc2)NC(=O)C(N)CSSCC(C(=O)N2CCCC2C(=O)NC(CC(C)C)C(=O)NCC(N)=O)NC(=O)C(CC(N)=O)NC(=O)C(CCC(N)=O)NC1=O
2.221679168,O=C(Cc1cccs1)NC1C(=O)N2C(C(=O)O)=C(C[n+]3ccccc3)CSC12
3.009928118,Cc1ccc(N(CC2=NCCN2)c2cccc(O)c2)cc1
3.226233486,CCN(CC)CCCC(C)Nc1ccnc2cc(Cl)ccc12
2.791207872,NCCc1c[nH]c2ccc(O)cc12
0.789189915,OCC(O)C(O)C(O)C(O)CO
2.875944395,O=C(O)c1ccc(Cl)c(Cl)c1Cl
6.197792448,Cc1ccc(C(=O)NC2C(=O)NC(C(C)C)C(=O)N3CCCC3C(=O)N(C)CC(=O)N(C)C(C(C)C)C(=O)OC2C)c2c1OC1C(C)C(=O)C(N)C(C(=O)NC3C(=O)NC(C(C)C)C(=O)N4CCCC4C(=O)N(C)CC(=O)N(C)C(C(C)C)C(=O)OC3C)C1N2
1.24581854,O=C1OC(C(O)CO)C(O)=C1O
2.596428498,CCN(CC)CCOC(=O)c1ccc(N)cc1
2.070649145,CCN(CC)CCNC(=O)c1ccc(N)cc1
2.777744117,O=c1[nH]cc(F)c(=O)[nH]1
3.867130293,O=[N+]([O-])c1ccc(O)c([N+](=O)[O-])c1
2.686330074,CC(C)NCC(O)c1ccc(O)c(O)c1
3.063521,CN1C2CCC1CC(OC(=O)C(CO)c1ccccc1)C2
2.37430062,NCCc1ccc(O)c(O)c1
4.981050988,CN(CCCl)CCCl
1.472428127,CC(C)=CCCC(C)=CCCC(C)=CCCC(=O)OCC=C(C)CCC=C(C)C
4.565841918,C[N+](C)(C)CCOC(N)=O
3.224540616,CC(=O)OCC(=O)C1(O)CCC2C3CCC4=CC(=O)C=CC4(C)C3C(O)CC21C
4.384881616,S=P(N1CC1)(N1CC1)N1CC1
3.051191125,CCC1(C2=CCCCC2)C(=O)NC(=O)NC1=O
3.2771235,C=CCC1(CC=C)C(=O)NC(=O)NC1=O
4.265838294,C1CN1P1(N2CC2)=NP(N2CC2)(N2CC2)=NP(N2CC2)(N2CC2)=N1
3.070555016,O=[N+]([O-])C(Br)(CO)CO
1.56958643,CC(C)(S)C(N)C(=O)O
2.808610974,COP(=O)(OC)C(O)C(Cl)(Cl)Cl
3.796887569,O=C(CCCN1CCC(O)(c2ccc(Cl)cc2)CC1)c1ccc(F)cc1
1.948606377,NC(CS)C(=O)O
3.213795389,COC(=O)C1C(OC(=O)c2ccccc2)CC2CCC1N2C
3.19638373,CC(=O)OCC(=O)C1(O)CCC2C3CC(C)C4=CC(=O)C=CC4(C)C3C(O)CC21C
1.486353957,CC12COC(=O)CC1CCC1C2CCC2(C)C1CCC2(C)O
2.460041936,CC12CCC3C(CC=C4CC(O)CCC43C)C1CCC2=O
4.393437911,COc1ccc2c(c1)c(CC(=O)O)c(C)n2C(=O)c1ccc(Cl)cc1
2.80434172,COc1cc(C(=O)OCCCN(C)CCN(C)CCCOC(=O)c2cc(OC)c(OC)c(OC)c2)cc(OC)c1OC
1.856740708,NS(=O)(=O)c1cc(C(=O)O)c(NCc2ccco2)cc1Cl
2.463529388,Cc1ncc(COP(=O)(O)O)c(C=O)c1O
3.591784425,CC[Hg]Sc1ccccc1C(=O)O
2.856003489,CCC1C(=O)OCC1Cc1cncn1C
2.619974581,NNC(=O)c1ccncc1
1.391326855,O=C(O)c1cccnc1
3.126446996,O=C1CN(/N=C/c2ccc([N+](=O)[O-])o2)C(=O)N1
3.408505948,O=C(CCBr)N1CCN(C(=O)CCBr)CC1
3.211007404,C1CCc2nnnn2CC1
4.191379465,NC(Cc1cc(I)c(Oc2cc(I)c(O)c(I)c2)c(I)c1)C(=O)O
2.719148486,CCN(CC)N=O
3.523529699,CC(Cc1ccccc1)NN
2.703685075,N=C(N=C(N)Nc1ccc(Cl)cc1)NCCCCCCNC(=N)N=C(N)Nc1ccc(Cl)cc1
3.383060594,O=[N+]([O-])OCC(CO[N+](=O)[O-])O[N+](=O)[O-]
5.106802156,CC(C)OP(=O)(F)OC(C)C
4.049052311,CS(=O)(=O)OCCCCOS(C)(=O)=O
4.510045791,CCOP(=S)(OCC)Oc1ccc([N+](=O)[O-])cc1
1.159445716,NCC(=O)O
4.178744056,O=[N+]([O-])c1cc[n+]([O-])c2ccccc12
3.169686266,NC(Cc1c[nH]c2ccc(O)cc12)C(=O)O
1.810409964,O=C(NC(CO)C(O)c1ccc([N+](=O)[O-])cc1)C(Cl)Cl
2.964231336,OCC(O)CO
3.032539931,C=CCN=C=S
0.86474255,NC(N)=O
2.57322651,C=CCN1CCC23c4c5ccc(O)c4OC2C(O)C=CC3C1C5
3.070402849,CCC1(c2ccccc2)C(=O)NC(=O)NC1=O
2.618800919,CCCC(C)(COC(N)=O)COC(N)=O
0.529173603,CC(O)CO
2.170862856,C#CC1(O)CCC2C3CCc4cc(O)ccc4C3CCC21C
2.143540946,Cc1cc(C)nc(NS(=O)(=O)c2ccc(N)cc2)n1
1.838212919,CCC(=O)OC1CCC2C3CCC4=CC(=O)CCC4(C)C3CCC12C
6.293785129,COc1cc2c3cc1Oc1cc(ccc1O)CC1c4c(cc(OC)c(O)c4Oc4ccc(cc4)CC3N(C)CC2)CC[N+]1(C)C
3.057786886,Cn1c(=O)c2c(ncn2C)n(C)c1=O
2.914450263,CCN(CC)CCSC(=O)N(c1ccccc1)c1ccccc1
2.894351739,Cc1c(N(C)C)c(=O)n(-c2ccccc2)n1C
1.781695072,CC12CCC(=O)C=C1CCC1C2CCC2(C)C1CCC2(C)O
3.163063568,CNCCCN1c2ccccc2CCc2ccccc21
2.485494285,OCCN(CCO)c1nc(N2CCCCC2)c2nc(N(CCO)CCO)nc(N3CCCCC3)c2n1
3.170671119,CN(C)CCCN1c2ccccc2Sc2ccccc21
1.74173414,Cc1ncc(CO)c(CO)c1O
1.681476531,CC(=O)OCC1=C(C(=O)O)N2C(=O)C(NC(=O)Cc3cccs3)C2SC1
3.158287938,COc1ccc(Cc2nccc3cc(OC)c(OC)cc23)cc1OC
2.370040756,NS(=O)(=O)c1cc2c(cc1Cl)NCNS2(=O)=O
2.265274805,NCC1OC(OC2C(N)CC(N)C(OC3OC(CO)C(O)C(N)C3O)C2O)C(O)C(O)C1O
3.894055247,CN(Cc1cnc2nc(N)nc(N)c2n1)c1ccc(C(=O)NC(CCC(=O)O)C(=O)O)cc1
1.896215209,O=c1[nH]c(=O)n(C2CC(O)C(CO)O2)cc1Br
2.870781749,CCN(CC)C(=O)c1cccnc1
2.552013849,Cc1cc(O)ccc1Cl
1.79319649,OCC(S)CS
1.81984652,NC(=O)N/N=C/c1ccc([N+](=O)[O-])o1
2.834458106,O=NN1CCOCC1
2.963067903,NCCS
3.046923497,C[N+](C)(C)CCCCCC[N+](C)(C)C
2.767037068,CC(=O)OCC[N+](C)(C)C
0.771352266,CC(N)=O
2.816265927,CNC(=O)CSP(=S)(OC)OC
2.802715099,CN(C)C1C(=O)C(C(N)=O)C(=O)C2(O)C(O)=C3C(=O)c4c(O)cccc4C(C)(O)C3CC12
2.036374114,Cn1cc[nH]c1=S
3.890629715,ClC1=C(Cl)C2(Cl)C3C4CC(C5OC45)C3C1(Cl)C2(Cl)Cl
2.730393332,CC(CN1c2ccccc2Sc2ccccc21)N(C)C
3.86329774,COc1ccc2c(c1)N(CC(C)CN(C)C)c1ccccc1S2
4.10452631,CCCCOc1cc(C(=O)NCCN(CC)CC)c2ccccc2n1
3.175188207,CN(C)c1ccc2nc3ccc(=[N+](C)C)cc-3sc2c1
3.329701542,CC(=O)OC(C)C[N+](C)(C)C
4.310921352,COP(=O)(OC)OC=C(Cl)Cl
4.193358386,O=C(O)CF
3.693627302,CN(C)N=O
2.1575539,CNC(=O)Oc1cccc2ccccc12
1.835433089,O=CC(O)C(O)C(OC1OC(CO)C(O)C(O)C1O)C(O)CO
3.860167723,CCC(=O)OC1(c2ccccc2)CC(C)N(C)CC1C
3.075884892,CCC1(CCC(C)C)C(=O)NC(=O)NC1=O
3.699521628,CCC1(C)CC(=O)NC(=O)C1
2.643979714,CCOS(=O)(=O)OCC
3.491240261,O=C(O)CI
2.498866885,Cc1ncc(CO)c(C=O)c1O
4.253429834,CC[N+](CC)(CC)CCOc1cccc(OCC[N+](CC)(CC)CC)c1OCC[N+](CC)(CC)CC
2.9450114,COS(C)(=O)=O
5.326115898,O=C1CC2OCC=C3CN4CCC56c7ccccc7N1C5C2C3CC46
2.813764408,CC[N+](CC)(CC)CC
5.051309998,CC1CC(C)C(=O)C(C(O)CC2CC(=O)NC(=O)C2)C1
2.675650705,Cc1ncc(C[n+]2csc(CCO)c2C)c(N)n1
0.813669929,CS(C)=O
3.622189069,CC1(C)OC2CC3C4CC(F)C5=CC(=O)C=CC5(C)C4(F)C(O)CC3(C)C2(C(=O)CO)O1
1.284104074,CN(C)C=O
2.167546145,Cc1c(N(C)CS(=O)(=O)O)c(=O)n(-c2ccccc2)n1C
2.834828855,OCCN1CCN(CCCN2c3ccccc3Sc3ccc(C(F)(F)F)cc32)CC1
1.817916266,CC1(C)SC2C(NC(=O)C(N)c3ccccc3)C(=O)N2C1C(=O)O
1.687027494,Nc1ccn(C2OC(CO)C(O)C2O)c(=O)n1
1.276426875,CN1CC(O)c2cc(N=NC(N)=O)c(O)cc21
2.544345668,CN(N=O)C(N)=N[N+](=O)[O-]
4.725833726,Oc1c(Cl)cc(Cl)c(Cl)c1Cc1c(O)c(Cl)cc(Cl)c1Cl
1.660943716,CC(=O)N(O)CCCCCNC(=O)CCC(=O)N(O)CCCCCNC(=O)CCC(=O)N(O)CCCCCN
1.190771374,NC(Cc1cnc[nH]1)C(=O)O
2.632942944,CC(=O)OC1(C(C)=O)CCC2C3CC(C)C4=CC(=O)CCC4(C)C3CCC21C
4.667995486,CC1OC(OC2C(O)CC(OC3C(O)CC(OC4CCC5(C)C(CCC6C5CCC5(C)C(C7=CC(=O)OC7)CCC65O)C4)OC3C)OC2C)CC(O)C1O
3.747797047,CN1CCC23c4c5ccc(O)c4OC2C(=O)CCC3C1C5
3.046904683,OC(c1ccccc1)(c1ccccc1)C1CCCCN1
1.793003474,C#CC1(O)CCC2C3CCc4cc(OC)ccc4C3CCC21C
2.161897444,COc1ccc2[nH]cc(CCNC(C)=O)c2c1
2.729392154,CCN(CC)CC(=O)Nc1c(C)cccc1C
2.098747529,O=S(=O)(O)CC(S)CS
4.000541253,CC(C)(O)C#N
4.520722483,CC1(C)OC2CC3C4CCC5=CC(=O)C=CC5(C)C4(F)C(O)CC3(C)C2(C(=O)CO)O1
3.520452424,CCCC(C)C1(CC)C(=O)NC(=O)NC1=O
2.662812689,C[N+]1(C)CCCC(OC(=O)C(O)(c2ccccc2)c2ccccc2)C1
2.403713117,CCC1(CC)C(=O)C=CNC1=O
3.146631835,C=CCC1(CC(C)C)C(=O)NC(=O)NC1=O
1.830937504,NS(=O)(=O)c1cc(C2(O)NC(=O)c3ccccc32)ccc1Cl
3.92633142,C=CS(=O)(=O)C=C
3.100828725,COS(=O)(=O)OC
6.000345689,CCOP(=O)(C#N)N(C)C
1.621813371,CCOC(=O)CC(O)(CC(=O)OCC)C(=O)OCC
3.625308602,CCOP(=S)(OCC)SC1OCCOC1SP(=S)(OCC)OCC
5.137374686,CCOP(=S)(OCC)SCSC(C)C
6.254220884,CCOP(=O)(OCC)SCCN(CC)CC
1.30758517,CNC(C)=O
1.770061368,NN=C(N)N
1.796845806,CC(C)(CO)C(O)C(=O)NCCC(=O)O
2.600331315,CC(C)(OO)c1ccccc1
2.443315668,COc1ccc(NS(=O)(=O)c2ccc(N)cc2)nn1
2.602622039,CCOS(=O)(=O)c1ccc(C)cc1
2.872114299,COS(=O)(=O)c1ccc(C)cc1
2.559881201,C[N+]1(C)C2CCC1CC(OC(=O)C(O)c1ccccc1)C2
1.149984119,C=C(C)C(=O)OC
1.530443988,Cc1ncc(CO)c(C(=O)O)c1O
2.431961714,CCC(c1ccc(O)cc1)C(CC)c1ccc(O)cc1
2.60267842,c1ccc2c(c1)CCCC2C1=NCCN1
2.522916093,CCOC(=O)Oc1c(OC)cc(C(=O)OC2CC3CN4CCc5c([nH]c6cc(OC)ccc56)C4CC3C(C(=O)OC)C2OC)cc1OC
3.811403697,CCN(CC)C(C)C=C(c1cccs1)c1cccs1
2.310117411,CCN1C(=O)NC(c2ccccc2)C1=O
2.280792503,O=[N+]([O-])OC1COC2C(O[N+](=O)[O-])COC12
1.813104379,O=C(O)C(O)C(O)C(=O)O
3.605889199,Oc1c(Cl)c(Cl)c(Cl)c(Cl)c1Cl
0.78432053,OCC(O)C(O)C(O)CO
4.071651737,CCC(C)c1cc([N+](=O)[O-])cc([N+](=O)[O-])c1O
2.199268311,Cc1cc(=O)n(-c2ccccc2)[nH]1
2.132554955,O=Cc1ccccc1O
2.726720124,CCC(C)C(C(=O)OCC[N+](C)(CC)CC)c1ccccc1
3.241204356,CN(C)CCN(Cc1cccs1)c1ccccn1
1.890602909,COc1ccccc1OCC(O)CO
2.07969597,CC=C(CC)C(=O)NC(N)=O
1.468359148,Clc1ccccc1Cl
3.469734472,Nc1ccccc1O
2.131375502,Oc1ccccc1Cl
1.9413443,Oc1cc(Cl)c(Cl)cc1Cl
3.373526206,ClCC(Br)CBr
1.508442492,CCC(C)=NO
6.409230429,CC(OP(C)(=O)F)C(C)(C)C
3.062254509,OCc1ccco1
2.812393879,O=Cc1ccco1
1.861502407,NC(=O)c1cccnc1
2.483299098,COC(=O)c1ccc(O)cc1
2.102385677,ClCc1ccccc1
3.823653171,Cl[Hg]c1ccccc1
3.057468307,O=NN1CCCCC1
1.727799805,Nc1ccc(Cc2ccc(N)c(Cl)c2)cc1Cl
2.927498682,O=NN1CN2CN(C1)CN(N=O)C2
2.996224821,Nc1ccc(Cc2ccc(N)cc2)cc1
1.40337303,CC(=O)CC(=O)Nc1ccccc1
1.891706667,CC(=O)OCC(COC(C)=O)OC(C)=O
2.641136856,NCC(O)c1ccc(O)cc1
2.301801019,CCCCC(CC)CO
2.166461652,CCc1ccc(C)nc1
1.142948631,CCOC(=O)OCC
2.096261883,Oc1ccc(Cl)cc1
1.387166473,CC(=O)OCC(O)CO
1.090245106,OCCCCC(O)CO
2.790167835,ClCC1CO1
3.049714076,C=CC=O
1.995459687,ClCCCl
2.981592117,OCCCl
2.849738721,C=CC#N
2.301753217,NCCN
1.34570972,OCCO
6.133582311,CC(C)OP(C)(=O)F
6.017076743,CCOP(=O)(OCC)OP(=O)(OCC)OCC
0.653800825,CC(O)CCO
1.062736218,COCC(C)O
0.963655971,CC1COC(=O)O1
4.524474015,CCOP(=O)(OCC)Oc1cc(C)[nH]n1
1.966084307,Oc1cccc(Cl)c1
1.415011231,Oc1cc(O)cc(O)c1
1.655408446,O=C1CCCCC1
2.650573006,C=CCC#N
3.321647738,N#CCC#N
2.365757463,O=C(O)C=CC(=O)O
1.423351904,CCOCCO
1.960669572,c1ccncc1
1.979114601,O=[N+]([O-])OCCOCCOCCO[N+](=O)[O-]
2.125446564,O=CCCCC=O
1.665489266,NCCNCCO
1.6793329,OCCNCCO
0.751643485,OCCOCCO
1.484972119,OCCSCCO
1.349520354,CCOCCOCCO
2.417693522,CCCCNCCCC
2.567789642,CCCCOCCOCCSC#N
2.859141301,C#CC(O)(C=CCl)CC
3.137486294,COC(=O)C(c1ccccc1)C1CCCCN1
3.572467062,CNC(=O)Oc1ccccc1OC(C)C
3.010663741,CN1C2CC(OC(=O)C(CO)c3ccccc3)CC1C1OC12
5.780679219,CN(C)C(=O)Oc1cccc([N+](C)(C)C)c1
5.710751835,CN(C)P(=O)(F)N(C)C
5.077227358,CC[N+](CC)(CCNC(=O)C(=O)NCC[N+](CC)(CC)Cc1ccccc1Cl)Cc1ccccc1Cl
5.455891524,CNC(=O)ON=CC(C)(C)SC
2.479848388,COc1ccc2c(c1OC)C(=O)OC2C1c2cc3c(cc2CCN1C)OCO3
3.047614431,CCOP(=S)(OCC)Oc1ccc(=O)n(-c2ccccc2)n1
3.321727033,CCCCN(CCN(CCCC)C(=O)N1CCOCC1)C(=O)N1CCOCC1
1.790869889,O=Cc1ccccc1C(=O)O
1.974149494,Oc1ccc(Cl)cc1Cl
2.006177843,COc1cc(C=O)ccc1O
3.540022258,CC(C)(C)CC(C)(C)c1ccc(OCCOCC[N+](C)(C)Cc2ccccc2)cc1
2.916932725,CCOC(=O)CC(SP(=S)(OC)OC)C(=O)OCC
2.328909405,COP(=S)(OC)Oc1ccc([N+](=O)[O-])c(C)c1
3.085707187,CCCCCCCCCCCCCCCC[n+]1ccccc1
1.850212755,CCC=O
1.373412258,CNC=O
0.857977427,CCCC=O
2.93938931,CCCCCC(C)N
1.027084464,CCCCCCCCCCCCCCCCCC(=O)OCCCC
3.600344654,CC12C=CC(=O)C=C1CCC1C3CC(O)C(O)(C(=O)CO)C3(C)CC(O)C12F
5.944668774,CCC(C)C(=O)OC1C(O)C2C(CN3CC(C)CCC3C2(C)O)C2CC34OC5(O)C(OC(=O)C(C)(O)C(C)O)CCC3(C)C5C(OC(C)=O)C(OC(C)=O)C4C21O
3.300117018,COc1ccc2c3c1OC1C(=O)CCC4C(C2)N(C)CCC314
2.593411055,CC[N+]1(C)CCCC(OC(=O)C(O)(c2ccccc2)c2ccccc2)C1
2.476434653,CN1CCCN=C1COC(=O)C(O)(c1ccccc1)C1CCCCC1
2.984189004,C[N+]1(CCC(C(N)=O)(c2ccccc2)c2ccccc2)CCCCC1
2.660986362,CCC1(CC)C(=O)NCC(C)C1=O
2.926098418,COc1ccc2c(c1)C13CCCCC1C(C2)N(C)CC3
3.235378155,CCOC(=O)C1(c2ccccc2)CCN(CCc2ccc(N)cc2)CC1
2.038127179,CCCC(=O)OC(C(Cl)(Cl)Cl)P(=O)(OC)OC
2.632192445,C#CC1(OC(N)=O)CCCCC1
2.366290314,CN(C)C1C(=O)C(C(N)=O)C(=O)C2(O)C(O)=C3C(=O)c4c(O)ccc(Cl)c4C(O)C3CC12
1.854737085,CN1C(=O)OC(C)(C)C1=O
2.145651791,Cc1ccnc(NS(=O)(=O)c2ccc(N)cc2)n1
3.461510532,Nc1ccc([As](=O)(O)O)cc1
2.724719621,CNC1C(OC2C(OC3C(O)C(O)C(NC(=N)N)C(O)C3NC(=N)N)OC(C)C2(O)CO)OC(CO)C(O)C1O
2.45849583,CN1CCC(=C2c3ccccc3C=Cc3ccccc32)CC1
2.893734303,O=C1C=CC(=O)c2ccccc21
1.786044053,Oc1c(I)cc(Cl)c2cccnc12
2.762710206,CSc1ccc2c(c1)N(CCC1CCCCN1C)c1ccccc1S2
1.950774138,O=c1nc[nH]c2c1ncn2C1OC(COP(=O)(O)O)C(O)C1O
3.005277754,CN1CCC(OC(c2ccccc2)c2ccccc2)CC1
2.63320606,CN(C)CCCOc1nn(Cc2ccccc2)c2ccccc12
2.198657637,CCC(=O)OC1C(OC2C(C)C(OC3CC(C)(OC)C(O)C(C)O3)C(C)C(=O)OC(CC)C(C)(O)C(O)C(C)C(=O)C(C)CC2(C)O)OC(C)CC1N(C)C
2.704510849,CC1NCCOC1c1ccccc1
4.041999287,CCCCNc1ccc(C(=O)OCCN(C)C)cc1
2.476287318,CCN(CC)CCOc1ccc2nc(N(C)C)sc2c1
2.570781426,CN(C)C(=S)SSC(=S)N(C)C
1.085724537,CCCCOC(=O)C(C)O
4.346635024,NCC(O)c1ccc(O)c(O)c1
2.764592259,CC(C)Nc1nc(Cl)nc(NC(C)C)n1
3.85273649,COC(CNC(=O)NC(=O)CCC(=O)O)C[Hg]O
1.965566296,C=Cc1ccc(C)nc1
2.954646457,O=NN1CCN(N=O)CC1
1.609836209,NCCO
4.464635721,COP(=O)(OC)OC(C)=CC(=O)N(C)C
1.36699306,C1CNCCN1
6.218550822,CCC(C)C(=O)OC1C(O)C2C(CN3CC(C)CCC3C2(C)O)C2CC34OC5(O)C(OC(=O)C(C)(O)CC)CCC3(C)C5C(OC(C)=O)C(OC(C)=O)C4C21O
3.358786611,CCC1(O)CC2CN(CCc3c([nH]c4ccccc34)C(C(=O)OC)(c3cc4c(cc3OC)N(C)C3C(O)(C(=O)OC)C(OC(C)=O)C5(CC)C=CCN6CCC43C65)C2)C1
2.77132163,O=S1(=O)OC(c2ccc(O)cc2)(c2ccc(O)cc2)c2ccccc21
2.612065323,CCC1(CC)C(=O)NC(=O)NC1=O
2.37272385,C[N+]1(CCC(O)(c2ccccc2)c2cccs2)CCOCC1
1.615004864,Cc1nnc(NS(=O)(=O)c2ccc(N)cc2)s1
2.243071496,CC(CCC(=O)O)C1CCC2C3C(=O)CC4CC(=O)CCC4(C)C3CC(=O)C12C
2.917667371,CN(C)CCOC(c1ccccc1)c1ccccc1
4.146469133,O=C1C=C2C(=CCOC2O)O1
2.903661432,CCCC[N+]1(C)C2CC(OC(=O)C(CO)c3ccccc3)CC1C1OC12
2.572261651,CC1CC2C3CCC4=CC(=O)C=CC4(C)C3(F)C(O)CC2(C)C1(O)C(=O)COP(=O)(O)O
3.628256162,COc1ccc(CCN(C)CCCC(C#N)(c2ccc(OC)c(OC)c2)C(C)C)cc1OC
4.502507537,CN(C)P(=O)(OP(=O)(N(C)C)N(C)C)N(C)C
2.121301181,COc1nccnc1NS(=O)(=O)c1ccc(N)cc1
2.290520097,COc1cc2[nH]c(C)c(CCN3CCN(c4ccccc4)CC3)c2cc1OC
2.817319398,O=CCC(O)C(O)C(O)CO
1.763833645,Oc1cc(O)c2c(c1)OC(c1ccc(O)c(O)c1)C(O)C2
2.250158716,CC(N)C(O)c1ccccc1
3.53210011,CN(C)CCN(Cc1ccccc1)c1ccccn1
3.783996154,CNCC(O)c1cccc(O)c1
3.410395964,O=NN(CCCl)C(=O)NCCCl
4.76683245,CN(C)C(=O)Oc1ccc[n+](C)c1
2.391796594,c1ccc2cccc-2cc1
2.036438835,c1c[nH]cn1
4.642152785,COP(=S)(OC)Oc1ccc([N+](=O)[O-])cc1
2.197324675,NC(=O)N1c2ccccc2C=Cc2ccccc21
2.265435781,C(=Cc1ccccc1)CN1CCN(C(c2ccccc2)c2ccccc2)CC1
2.06068177,COc1c2occc2cc2ccc(=O)oc12
3.542195305,CC(N)Cc1c[nH]c2ccccc12
2.367368077,COP(=S)(OC)Oc1cc(Cl)c(Cl)cc1Cl
3.700296262,CNC(C)Cc1ccccc1
2.852857562,CC(N)Cc1ccccc1
1.822066156,CCCCCCCCCCCC(=O)OCCSC#N
1.607384244,CC(=O)OC1(C(C)=O)CCC2C3C=C(Cl)C4=CC(=O)CCC4(C)C3CCC21C
3.354282641,C[N+]([O-])(CCCl)CCCl
3.753484775,CC(C=CC1=C(C)CCCC1(C)C)=CC=CC(C)=CC(=O)O
2.208321897,CC(CCC(=O)O)C1CCC2C3CCC4CC(O)CCC4(C)C3CC(O)C12C
2.333918471,CN(C)CCCN1c2ccccc2Sc2cccnc21
3.122350243,COC1=C(OC)C(=O)C(CC=C(C)CCC=C(C)CCC=C(C)CCC=C(C)CCC=C(C)CCC=C(C)CCC=C(C)CCC=C(C)CCC=C(C)C)=C(C)C1=O
3.25177607,COc1ccc2c3c([nH]c2c1)C(C)=NCC3
2.522611467,CC(C)NNC(=O)c1ccncc1
3.505708062,O=[N+]([O-])c1cc(I)c(O)c(I)c1
4.931523677,C[N+](C)(C)CCOC(=O)CCC(=O)OCC[N+](C)(C)C
5.810234096,CCOP(=O)(OCC)Oc1ccc([N+](=O)[O-])cc1
3.734214244,CC1C(=O)OC2CCN3CC=C(COC(=O)C(C)(O)C1(C)O)C23
1.744736712,O=c1nc[nH]c2n[nH]cc12
1.903744193,CCCCCCC(=O)OC1CCC2C3CCC4=CC(=O)CCC4(C)C3CCC12C
2.864154,OCCN1CCN(CCCN2c3ccccc3C=Cc3ccccc32)CC1
2.745388593,CN(C)CCN1C(=O)c2ccccc2N(C)c2ccccc21
3.752265327,CCCCNc1c2c(nc3ccccc13)CCCC2
3.353186737,CC(C)NCC(O)COc1cccc2ccccc12
4.563972059,CNCC(O)c1ccc(O)c(O)c1
5.903473444,CP(=O)(F)OC1CCCCC1
1.734388658,NCCCCN
3.689436936,C=CCC1(C(C)CCC)C(=O)NC(=S)NC1=O
1.531874711,NC1CONC1=O
3.06865041,Cc1ccccc1C(OCCN(C)C)c1ccccc1
3.173848863,CCN(CC)CCN1c2ccccc2Sc2ccccc21
5.836861024,CC(=O)OCC(=O)C12OC(C)(C)OC1CC1C3CC(F)C4=CC(=O)C=CC4(C)C3(F)C(O)CC12C
2.81608214,C=CCN1CCC23c4c5ccc(O)c4OC2C(=O)CCC3(O)C1C5
3.238017195,CC(C)=CCN1CCC2(C)c3cc(O)ccc3CC1C2C
4.047436308,CCCCCC(O)C=CC1C(O)CC(=O)C1CC=CCCCC(=O)O
3.076376368,c1ccc(-c2ccccn2)nc1
2.654793184,CNNCc1ccc(C(=O)NC(C)C)cc1
2.616044682,CNC(C)Cc1ccc(O)cc1
3.38543705,CC(C)NP(=O)(F)NC(C)C
4.44767511,CC1CC2C3CCC4=CC(=O)C=CC4(C)C3(F)C(O)CC2(C)C1(O)C(=O)CO
2.166179976,CCn1cc(C(=O)O)c(=O)c2ccc(C)nc21
1.921108766,CC(=O)OC1(C(C)=O)CCC2C3C=C(Cl)C4=CC(=O)C5CC5C4(C)C3CCC21C
5.350866706,CCC(=O)N(c1ccccc1)C1CCN(CCc2ccccc2)CC1
2.575143085,CNC1=Nc2ccc(Cl)cc2C(c2ccccc2)=[N+](O)C1
4.651683907,CN1C(=O)CN=C(c2ccccc2)c2cc(Cl)ccc21
3.025821796,COc1ccc2c(c1)[nH]c1c(C)nccc12
2.442901316,Cn1cnc([N+](=O)[O-])c1Sc1ncnc2nc[nH]c12
4.265143422,COC(=O)CF
3.337422177,CC12CCC(CC1=O)C2(C)C
3.769798836,ClC1=C(Cl)C2(Cl)C3C4C=CC(C4)C3C1(Cl)C2(Cl)Cl
2.724814716,CC1OC(OC2C=C3CCC4C(CCC5(C)C(c6ccc(=O)oc6)CCC45O)C3(C)CC2)C(O)C(O)C1O
2.13661121,CC1CC2C3CCC4=CC(=O)C=CC4(C)C3(F)C(O)CC2(C)C1(O)C(=O)COS(=O)(=O)O
4.359330433,COC1=CC=C2C3Cc4ccc(O)c5c4C2(CCN3C)C1O5
2.788515462,CN(C)CCOC(C)(c1ccccc1)c1ccccn1
3.652928155,CCC(=O)C1(c2cccc(O)c2)CCN(C)CC1
4.710689034,CCOP(=O)(OCC)OC(=CCl)c1ccc(Cl)cc1Cl
3.582242955,O=S(=O)(CCCl)CCCl
2.142383177,CC(CCC(=O)O)C1CCC2C3C(O)CC4CC(O)CCC4(C)C3CCC12C
2.307303058,Cn1c(=O)c2c(ncn2CC(O)CO)n(C)c1=O
3.782987596,COc1ccc2cc1Oc1ccc(cc1)CC1c3c(cc4c(c3Oc3cc5c(cc3OC)CCN(C)C5C2)OCO4)CCN1C
3.141611095,CC(CN1c2ccccc2Sc2cccnc21)N(C)C
2.09591773,CC=CC(=O)N(CC)c1ccccc1C
4.337307481,O=c1cccc2n1CC1CNCC2C1
1.813300708,O=C(O)CNC(=O)c1ccccc1O
4.202078946,Nc1ccc(C=C2C=Cc3ccccc32)cc1
2.395081087,OC(CBr)C(O)C(O)C(O)CBr
4.217777761,Cc1c(O)cc([N+](=O)[O-])cc1[N+](=O)[O-]
3.801616783,COP(=S)(OC)Oc1ccc([N+](=O)[O-])c(Cl)c1
2.065056603,C1COC1
3.159087559,Nc1ccccn1
3.733401557,O=C(O)CC[N+](=O)[O-]
3.258655903,CS(=O)CCCN=C=S
5.025527053,ClCCSCCCl
2.818654696,CN(C)CCC(O)(c1ccccc1)c1ccccc1Cl
3.27393534,C[N+]1(Cc2ccc(-c3ccccc3)cc2)C2CCC1CC(OC(=O)C(CO)c1ccccc1)C2
1.760896091,CCC(C(=O)O)C1(O)CCCCC1
6.168246801,CCOP(=O)(OCC)SCC[N+](C)(C)C
4.479551894,COc1cc(C2c3cc4c(cc3C(O)C3COC(=O)C23)OCO4)cc(OC)c1OC
3.572299283,CC1=C2C(=COC(C)C2C)C(=O)C(C(=O)O)C1=O
3.10516168,Cn1c(=O)c2c(ncn2CCO)n(C)c1=O
1.784580208,CC12CCC(=O)CC1CCC1C2CCC2(C)C1CCC2(C)O
1.551873665,Cc1ncc(CO)c(CN)c1O
2.543198586,Nc1ccc(S(=O)(=O)Nc2ccnn2-c2ccccc2)cc1
1.661310923,O=C(Nc1ccc(O)cc1)c1ccccc1O
3.433826705,Cc1cc(C(C)(C)C)cc(C)c1CC1=NCCN1
1.595417481,Cc1ncc(COP(=O)(O)O)c(CN)c1O
3.001908248,O=C(O)c1ccccc1Nc1cccc(C(F)(F)F)c1
1.785767469,O=C(O)c1ccccc1
2.646395418,CC1CCCCN1CCCOC(=O)c1ccccc1
2.53817517,CN1CSC(=S)N(C)C1
1.44136831,C[n+]1cccc(C(=O)O)c1
3.737272725,NCC(O)c1cccc(O)c1
2.090425273,CCc1cc(C(N)=S)ccn1
3.158330981,CCCCOc1ccc(C(=O)CCN2CCCCC2)cc1
2.776262795,CCCCc1ccc(C(=O)O)nc1
5.230660908,CCN(CCCl)CCCl
2.564483216,CNNC
1.328006503,C[N+](C)(C)CC(O)CC(=O)O
5.316639105,ClC=C[As](Cl)Cl
3.19252409,C[N+](C)(C)Cc1ccco1
1.475094734,NC(N)=NOCCC(N)C(=O)O
3.603780371,CCCC[Hg]Cl
3.425339043,CCC(=O)C(CC(C)N1CCOCC1)(c1ccccc1)c1ccccc1
3.506849145,C=C(Br)CC1(C(C)C)C(=O)NC(=O)NC1=O
6.05190381,CCOP(=O)(CC)Oc1ccc([N+](=O)[O-])cc1
3.579137389,O=C(CCCN1CC=C(n2c(=O)[nH]c3ccccc32)CC1)c1ccc(F)cc1
2.857662948,CN(C)CCC=C1c2ccccc2CCc2ccccc21
3.059374059,OCC1OC(n2cnc3cncnc32)C(O)C1O
3.571876708,CCCCCC(O)C=CC1C(O)CC(O)C1CC=CCCCC(=O)O
3.273792483,CN(C)CC(O)c1ccc(O)c(O)c1
5.009722776,ClCCN(CCCl)CCCl
3.093184171,CN=C=S
4.447592109,CS(=O)(=O)F
4.055519594,CCC(=O)OC1(c2ccccc2)CCN(C)CC1C
2.729344165,NNC(N)=O
2.359195625,OCC1OC(n2cnc3c(=S)nc[nH]c32)C(O)C1O
2.961391208,O=C(O)C(Cc1cc(I)c(O)c(I)c1)c1ccccc1
1.374766855,CCCCC(O)c1ccccc1
1.920092391,O=C(O)O
3.922116121,O=[N+]([O-])OCCN(CCO[N+](=O)[O-])CCO[N+](=O)[O-]
2.964394337,CC(C[N+](C)(C)C)OC(N)=O
2.582378522,C[N+]1(C)CCC(OC(=O)C(O)(c2ccccc2)C2CCCC2)C1
2.012608365,O=C(O)c1cc(N=Nc2ccc(S(=O)(=O)Nc3ccccn3)cc2)ccc1O
1.554364972,O=C1Nc2ccc(Cl)cc2C(c2ccccc2)=NC1O
1.429216866,CN(Cc1cc(Br)cc(Br)c1N)C1CCCCC1
1.991673434,CCOC(=O)c1ccc(O)c(OC)c1
2.427052002,CCCN(CCC)N=O
2.234488359,N=CNO
2.339630366,CN=C=O
2.699375157,NNC=O
1.623858943,CCCCOS(=O)(=O)OCCCC
1.339699822,CC(N)CCCC(=O)O
1.62535506,COc1ccc2cc3[n+](cc2c1OC)CCc1cc2c(cc1-3)OCO2
2.303054047,COc1cc(C(=O)N2CCOCC2)cc(OC)c1OC
3.651146655,CC1(C)OC2CC3C4CCC5=CC(=O)C=CC5(C)C4C(O)CC3(C)C2(C(=O)CO)O1
1.411925961,CC(=O)OC1C(=O)OC2C(OC(C)=O)C(=O)OC12
2.564265538,CC12CCC3C(CC=C4CC(OS(=O)(=O)O)CCC43C)C1CCC2=O
3.405709726,CCOC(=O)C(F)C(=O)OCC
2.829882446,Cc1ccnc(N)c1
2.055592579,CNc1snc2ccccc12
3.642429006,CCC1(CC)COC(=O)NC1=O
2.752922514,CCNCC(O)c1cccc(O)c1
2.048002012,NC(CO)C(O)c1ccc([N+](=O)[O-])cc1
1.704636037,Cc1cc(NS(=O)(=O)c2ccc(N)cc2)no1
2.841689759,Cc1ccc(N(SC(F)(Cl)Cl)S(=O)(=O)N(C)C)cc1
1.763911439,COc1cc(Cc2cnc(N)nc2N)cc(OC)c1OC
4.280087369,CCCCCC(O)C=CC1C(O)CC(=O)C1CCCCCCC(=O)O
3.898152325,O=C(CCCN1CCC2(CC1)C(=O)NCN2c1ccccc1)c1ccc(F)cc1
2.713254431,CC(=O)OC1CC2(C)C(CC(O)C3C4(C)CCC(O)C(C)C4CCC32C)C1=C(CCC=C(C)C)C(=O)O
2.164176326,CCCC(=O)OCC(OC(=O)CCC)C(OC(=O)CCC)C(Cn1c2nc(=O)[nH]c(=O)c-2nc2cc(C)c(C)cc21)OC(=O)CCC
5.898189352,CCOP(=O)(OCC)OP(=O)(OCC)OP(=O)(OCC)OP(=O)(OCC)OCC
2.688375322,CCN(N=O)C(N)=O
2.480733993,NC12CC3CC(CC(C3)C1)C2
2.787107483,N#CCc1c[nH]c2ccccc12
2.757110625,Oc1c(F)c(F)c(F)c(F)c1F
1.659560636,CCCCOS(=O)(=O)c1ccc(C)cc1
1.645299697,C#CC1(O)CCC2C3CCC4=CC(=O)CCC4C3CCC21CC
2.975512291,CNC1(C)C2CCC(C2)C1(C)C
2.597278074,COc1cc(CCN)cc(OC)c1OC
1.506725506,O=C1Nc2ccc(Cl)cc2C(c2ccccc2Cl)=NC1O
1.525291053,CN1C(=O)C(O)N=C(c2ccccc2Cl)c2cc(Cl)ccc21
2.606106441,CC(=O)CCC1C(=O)N(c2ccccc2)N(c2ccccc2)C1=O
1.618858591,CCCC1CC(C(=O)NC(C(C)O)C2OC(SC)C(O)C(O)C2O)N(C)C1
3.623145875,CC[Sn](Cl)(Cl)CC
1.847476622,CCOC(=O)C(N)CS
1.568829651,CO[PH](=O)OC
2.082671697,CCCCN(N=O)C(N)=O
1.695188253,CN1CCCC1=O
2.634285072,Cc1ncc(CS)c(CO)c1O
3.2525456,CC(C)(Oc1ccc(Cl)cc1)C(=O)O
2.411701035,NC(=O)OCC(O)COc1ccc(Cl)cc1
2.336347977,O=C(O)CCC1(Cc2ccccc2)CCCCC1=O
2.772229378,CNCCC=C1c2ccccc2CCc2ccccc21
2.589671872,CN(C)CCC=C1c2ccccc2CSc2ccccc21
2.930196071,N#CCC(N)C(=O)O
2.120148751,CCCCN(CCCC)N=O
2.983877232,CCCN(C)N=O
2.526602323,C[n+]1ccccc1
2.082041556,NC(=O)CCCCC1CCSS1
3.167441712,CC(=O)Oc1cc(C(C)C)c(OCCN(C)C)cc1C
2.404133836,Nc1ncnc2c1ncn2C1OC(COP(=O)(O)OP(=O)(O)OP(=O)(O)O)C(O)C1O
1.774840143,C[N+](C)(C)CCOP(=O)(O)OP(=O)(O)OCC1OC(n2ccc(N)nc2=O)C(O)C1O
3.785962526,Nc1ccncc1
2.73241412,CCNc1nc(NCC)nc(SC)n1
2.029850292,O=[N+]([O-])c1c(Cl)cccc1-c1c[nH]cc1Cl
4.47690932,CC[Pb](Cl)(CC)CC
2.146592048,CCCC(CCC)C(=O)O
2.952838752,O=C(O)CCCCC1CCSS1
1.263795399,Cc1cc2c(cc1S(N)(=O)=O)S(=O)(=O)CCC2
4.026893719,CCC(=O)C(CC(C)N(C)C)(c1ccccc1)c1ccccc1
2.634030318,CN(C)C(=N)N=C(N)N
1.437354128,C[S+](C)CCC(N)C(=O)O
2.956541925,O=S1(=O)CCCO1
3.624102813,CCC(CN)=C(c1ccccc1)c1ccccc1
3.086048237,CC(=O)c1ccc(Oc2c(I)cc(C(=O)O)cc2I)cc1I
3.695936261,O=C1CCCCC1(CCN1CCCCCC1)C(=O)OCc1ccccc1
5.012560364,Cc1onc(-c2ccccc2)c1C(=O)NC1C(=O)N2C1SC(C)(C)C2C(=O)O
2.571175983,CC1CN(N=O)CC(C)O1
3.087096484,CCCC[SnH2+](CCCC)CCCC
2.05171581,CCCC[Sn](CCCC)(CCCC)CCCC
3.133987164,COC1C(OC(N)=O)C(O)C(Oc2ccc3c(O)c(NC(=O)c4ccc(O)c(CC=C(C)C)c4)c(=O)oc3c2C)OC1(C)C
1.346183397,CCc1oc2ccccc2c1C(=O)c1ccc(O)cc1
2.928738363,COc1ccccc1N1CCN(CCCC(=O)c2ccc(F)cc2)CC1
2.981986572,CC(C)(C)c1nnc(NS(=O)(=O)c2ccccc2)s1
2.684037037,CCN(CC)CC#CCOC(=O)C(O)(c1ccccc1)C1CCCCC1
2.513350493,CCN(Cc1ccncc1)C(=O)C(CO)c1ccccc1
2.309072008,CN1CCCC(CC2c3ccccc3Sc3ccccc32)C1
3.129277914,CN(C)C(=O)C1(c2ccc(Cl)cc2)CCN(CCCC(=O)c2ccc(F)cc2)CC1
1.499296592,O=C1CN=C(c2ccccc2Cl)c2cc([N+](=O)[O-])ccc2N1
1.893883769,CN1C(=O)CN=C(c2ccccc2F)c2cc([N+](=O)[O-])ccc21
3.078120536,CC1CCN(CCCC(=O)c2ccc(F)cc2)CC1
2.590019772,O=S1(=O)CCCCO1
3.518172273,CCC(=O)OC(Cc1ccccc1)(c1ccccc1)C(C)CN(C)C
2.861870141,O=C(CCCN1CCN(c2ccccn2)CC1)c1ccc(F)cc1
1.822629599,CNC1C(O)C(NC)C2OC3(O)C(=O)CC(C)OC3OC2C1O
2.196442745,Nc1cnn(-c2ccccc2)c(=O)c1Cl
2.615994741,Cc1ncc2cscc2c1O
2.686263148,Cc1cccc(C)c1NC(=O)C1CCCCN1C
1.302581993,CCCCCC1Nc2cc(C(F)(F)F)c(S(N)(=O)=O)cc2S(=O)(=O)N1
2.445418947,CCCNC(C)C(=O)Nc1ccccc1C
1.555421503,O=C1CN=C(c2ccccn2)c2cc(Br)ccc2N1
1.58868619,NS(=O)(=O)c1cc2c(cc1Cl)NC(Cc1ccccc1)NS2(=O)=O
1.813979743,CCC1Nc2cc(Cl)c(S(N)(=O)=O)cc2S(=O)(=O)N1
2.209782058,Cc1onc(-c2c(F)cccc2Cl)c1C(=O)NC1C(=O)N2C1SC(C)(C)C2C(=O)O
2.568087342,CC(C)(C)NCCCCN
1.722578398,CCOC(=O)C=Cc1ccc([N+](=O)[O-])o1
1.704593169,CNC(=O)OCc1cccc(COC(=O)NC)n1
3.241026526,CC(Cc1ccccc1)NCCn1cnc2c1c(=O)n(C)c(=O)n2C
3.10518274,NC(=O)C1(N2CCCCC2)CCN(CCCC(=O)c2ccc(F)cc2)CC1
2.448531697,CC(Cc1ccc(O)cc1)NCC(O)c1cc(O)cc(O)c1
1.326627821,CC(=O)Nc1c(I)c(C(=O)O)c(I)c(N(C)C(C)=O)c1I
1.559783378,CC(=O)C1(O)CCC2C3C=C(Cl)C4=CC(=O)CCC4(C)C3CCC21C
2.971560778,CN1CCN(C2=Nc3ccccc3Oc3ccc(Cl)cc32)CC1
2.841237276,CN1CCN(C2=Nc3ccccc3Cc3ccccc32)CC1
3.035582323,CC[N+](CC)(CC)CCOC(=O)C(C1CCCC1)C1CCCC1
2.470260506,CN1C(=O)CN=C(c2ccccc2)c2cc([N+](=O)[O-])ccc21
5.709329333,CCOP(=O)(Oc1ccc([N+](=O)[O-])cc1)c1ccccc1
3.703268803,OCCN1CCN(CCCN2c3ccccc3Sc3ccc(Cl)cc32)CC1
1.587680016,Nc1nc(=O)[nH]cc1F
2.274946,CCC(C)(O)C#CBr
2.534235645,C#CC(C)(O)C(O)c1ccccc1
2.837440702,CN1CCN(C2=Nc3ccccc3Sc3ccc(Cl)cc32)CC1
3.767074196,O=C(CCCN1CCC(O)(c2cccc(C(F)(F)F)c2)CC1)c1ccc(F)cc1
1.622831716,O=c1[nH]c2ccccc2n1C1CCN(CCCC(c2ccc(F)cc2)c2ccc(F)cc2)CC1
3.239016077,O=C(CCCN1CCC(n2c(=O)[nH]c3ccccc32)CC1)c1ccc(F)cc1
3.0310147,C#CCN(C)C(C)Cc1ccccc1
1.484299839,COP(=S)(OC)Oc1cc(Cl)c(Br)cc1Cl
3.264654856,COc1ccc(C(=O)C(Br)=CC(=O)O)cc1
3.333898921,CC(=O)C12OC(C)(C)OC1CC1C3CCC4=CC(=O)C=CC4(C)C3(F)C(O)CC12C
3.609954508,CCCCC(=O)OC1(C(=O)CO)C(C)CC2C3CCC4=CC(=O)C=CC4(C)C3(F)C(O)CC21C
2.936852903,COc1cc2c(cc1OC)C(CCc1ccc(Cl)cc1)N(C)CC2
3.350342525,CC12CCC(=O)C=C1C=CC1C2CCC2(C)C1CCC2(O)CCC(=O)O
2.477322727,CCNc1ccc([C+](c2ccc(N(C)C)cc2)c2ccc(N(C)C)cc2)c2ccccc12
2.233733344,CCN(CC)CCOc1ccccc1C(=O)CCc1ccccc1
2.193872833,CC1CCC(C(C)C)C(O)C1
2.911872305,CCCC1(CCC)C(=O)NC(=O)NC1=O
3.497434137,CCNC1C2CCC(C2)C1c1ccccc1
3.096872595,CC(=O)Oc1ccc(Oc2c(I)cc(C(=O)O)cc2I)cc1I
2.178729131,CC1CC2C3CCC4=CC(=O)C=CC4(C)C3(F)C(O)CC2(C)C1(O)C(=O)COC(=O)c1ccncc1
3.20072219,Cc1cccc(C2(C(=O)N3CCCC3)CCN(CCCC(=O)c3ccc(F)cc3)CC2)c1
2.265731009,CN(N=O)C(C)(C)C
3.151489286,CCOC(C)C(C=NNC(N)=S)=NNC(N)=S
1.342951408,CC(C)(C)C(=O)OCC(=O)c1ccccc1
3.090752052,CCC1C2CC3C4N(C)c5ccccc5C45CC(C2C5OC(=O)CCl)N3C1OC(=O)CCl
2.32284891,C=CCC(CC=C)(C(=O)OCCN(CC)CC)c1ccccc1
1.917273334,CS(=O)(=O)c1ccc(C(O)C(COC(=O)CN)NC(=O)C(Cl)Cl)cc1
2.483708512,N#Cc1ccc2c(c1)N(CCCN1CCC(O)CC1)c1ccccc1S2
5.650706691,CC(=O)OCC12CCC(C)=CC1OC1C(O)C(O)C2(C)C12CO2
1.482445984,CC(=O)Oc1ccc(C(=C2CCCCC2)c2ccc(OC(C)=O)cc2)cc1
3.953104533,CCS(=O)CC(C)SP(=O)(OC)OC
1.752662943,CCN1CCCC1=O
3.063434498,CCCCCCC(=O)OCCN1CCN(CCCN2c3ccccc3Sc3ccc(C(F)(F)F)cc32)CC1
3.162138565,CCCCCCCCCCCCCC[n+]1ccc(C)cc1
3.444747222,C[N+](C)(C)CCBr
4.237793516,c1cc[n+]2c(c1)-c1cccc[n+]1CC2
1.729605343,O=C1NC(=O)C(c2ccccc2)(c2ccc(O)cc2)N1
3.812207221,CN1CCCC1c1cccnc1
4.046691846,O=c1nc[nH]c2c1ccn2C1OC(CO)C(O)C1O
2.22818641,C[N+]1(C)C2CCC1CC(OC(=O)C(CO)c1ccccc1)C2
6.251942882,CC(=O)OC1(C)CC(C)C(=O)C(C(O)CC2CC(=O)NC(=O)C2)C1
2.080256725,CN1CCN=C(c2ccccc2)c2cc(Cl)ccc21
3.455785764,O=C(CCCN1CCC(C(=O)N2CCCC2)(c2cccc(Cl)c2)CC1)c1ccc(F)cc1
2.210600733,O=C1CN=C(c2ccccc2)c2cc(Cl)ccc2N1CC1CC1
5.379081815,CCCCP(=O)(OCC)Oc1ccc([N+](=O)[O-])cc1
2.476437154,CCC(CC)(C(=O)O)c1cccc2ccccc12
3.677975571,CC1(C)OC2CC3C4CCC5=CC(=O)CCC5(C)C4(F)C(O)CC3(C)C2(C(=O)CCl)O1
2.090247469,CC1OC(n2cc(F)c(=O)[nH]c2=O)C(O)C1O
3.095682537,CCN(CC)CCNc1ccc(CO)c2sc3ccccc3c(=O)c12
3.308390092,O=C(O)C(F)C(=O)O
2.414752946,COCc1c(CO)cnc(C)c1O
2.808336428,CCC(=O)OC(Cc1ccccc1)(c1ccccc1)C(C)CNC
1.870651463,Oc1cc(Cl)ccc1Oc1ccc(Cl)cc1Cl
2.306726778,COP(=S)(OC)Oc1ccc(Sc2ccc(OP(=S)(OC)OC)cc2)cc1
3.975235947,CC1(C)OC2CC3C4CC(F)C5=CC(=O)C=CC5(C)C4C(O)CC3(C)C2(C(=O)CO)O1
1.732637647,O=c1ccn(C2OC(COP(=O)(O)O)C(O)C2O)c(=O)[nH]1
2.364804033,FC(F)(F)c1cccc(OCC2CNC(=S)O2)c1
3.53854155,C=C1CCC2C3Cc4ccc(O)c5c4C2(CCN3C)C1O5
3.382159896,Cn1cc(CCc2cc[n+](CCC[N+](C)(C)C)cc2)c2ccccc21
2.043287877,COCCOc1cnc(NS(=O)(=O)c2ccccc2)nc1
1.720392137,CC1(C)SC2C(NC(=O)C3(N)CCCCC3)C(=O)N2C1C(=O)O
3.527423659,C=C(Br)CC1(C(C)CC)C(=O)NC(=O)NC1=O
2.246339548,O=C(O)CCC(=O)OCC(NC(=O)C(Cl)Cl)C(O)c1ccc([N+](=O)[O-])cc1
3.704632712,Nc1c(S(=O)(=O)O)cc2cc(S(=O)(=O)O)cc(N)c2c1O
2.537550872,CCc1oc2ccccc2c1C(=O)c1cc(Br)c(O)c(Br)c1
3.020473934,COc1ccc(C(=O)CCCN2CC=C(c3ccccc3)CC2)cc1
2.94225455,CC1C2Cc3ccc(O)cc3C1(C)CCN2CC1CC1
2.160759992,CC(=O)OCC1=C(C(=O)O)N2C(=O)C(NC(=O)C(N)c3ccccc3)C2SC1
3.349635783,Cc1ncc(CS)c(CS)c1O
2.579273038,CC(C)N(CCC(C(N)=O)(c1ccccc1)c1ccccn1)C(C)C
3.955544368,CC1(C)OC2CC3C4CCC5=CC(=O)C=CC5(C)C4(Cl)C(Cl)CC3(C)C2(C(=O)CO)O1
3.212668592,O=P1(NCCCl)OCCCN1CCCl
3.04535316,CCC(=O)C1(N2CCCCC2)CCN(CCCC(=O)c2ccc(F)cc2)CC1
3.008910879,CN(N=O)C(=O)NNC(=O)N(C)N=O
2.663105128,O=NN1CCNC1=O
2.36906931,O=S(=O)(O)c1ccc2c(c1)N=c1cc3c(cc1N2)=Nc1cc(S(=O)(=O)O)ccc1N3
4.1616161,Cc1ccc(C2(O)CCN(CCCC(=O)c3ccc(F)cc3)CC2)cc1
5.181738531,CC(C)(O)C=CC(=O)C(C)(O)C1C(O)CC2(C)C3CC=C4C(CC(O)C(=O)C4(C)C)C3(C)C(=O)CC12C
1.600250476,CN1C(=O)CN=C(c2ccccc2F)c2cc(Cl)ccc21
1.837505106,COC1CC(OC2C(C)C(=O)OC(C)C(C)C(O)C(C)C(=O)C3(CO3)CC(C)C(OC3OC(C)CC(N(C)C)C3O)C2C)OC(C)C1O
4.276448017,O=C(O)CCl
2.972735641,CC1CC2C3CCC4=CC(=O)C=CC4(C)C3(F)C(O)CC2(C)C1(O)C(=O)COC(=O)c1cccc(S(=O)(=O)O)c1
2.703867189,Nc1nncs1
2.537634465,Cc1nc(C)c(Cl)c(NS(=O)(=O)c2ccc(N)cc2)n1
2.699534221,CC=CC=O
3.401955603,Clc1cccc(Cl)c1NC1=NCCN1
2.760336305,C=CCC(N)Cc1ccccc1
2.590670965,S=C(Nc1ccccc1)NN(CCCl)CCCl
2.778404515,CNC(C)Cc1ccc(Br)cc1
2.768352635,CNC(C)Cc1ccc(N)cc1
3.510174004,CNC(C)Cc1ccc([N+](=O)[O-])cc1
3.01629681,CNC(C)Cc1ccc(I)cc1
3.267135955,CNC(C)Cc1ccccc1[N+](=O)[O-]
2.996894871,CNC(C)Cc1ccccc1Cl
3.044320891,CNC(C)Cc1ccccc1Br
2.029739669,O=CNO
3.458058549,Oc1ccc(C(O)CNCCCCCCNCC(O)c2ccc(O)c(O)c2)cc1O
4.727641551,CC1OCC(C[N+](C)(C)C)O1
3.179349618,CCC1C2CC3C4N(C)c5ccccc5C45CC(C2C5O)N3C1O
2.71808768,CCC(=O)OC(C(Cl)(Cl)Cl)P(=O)(OC)OC
2.483839969,COP(=O)(OC)C(OC(=O)C(C)C)C(Cl)(Cl)Cl
3.159688759,O=C(OCCN1CCCCC1)C(O)(c1ccccc1)c1ccccc1
2.475498625,CN(C)CCON=C1c2ccccc2CCc2ccccc21
2.979748916,O=C(CCCN1CC=C(c2ccccc2)CC1)c1ccccc1
3.272398902,c1ccc(C2CN3CCSC3=N2)cc1
3.029525813,C[N+](C)(C)CCI
2.879552606,c1ccc2c(CC3=NCCN3)cccc2c1
2.889607002,CC(=O)c1ccc([N+](=O)[O-])o1
3.365999352,O=C(Nc1cccc(C2=NCCN2)c1)Nc1cccc(C2=NCCN2)c1
1.590481816,CC1(C)SC2C(N3C(=O)C(c4ccccc4)NC3(C)C)C(=O)N2C1C(=O)O
2.554520656,Cc1cccc(C)c1OCC(C)N
0.744120144,CC(O)C(=O)NCCO
2.241616448,O=CC(Br)=Cc1ccccc1
2.492515942,C=CCOc1cc(Cl)ccc1C(=O)NCCN(CC)CC
2.540788141,CCC(=O)OCC(=O)C1(OC(=O)CC)C(C)CC2C3CCC4=CC(=O)C=CC4(C)C3(Cl)C(O)CC21C
3.408186806,CSCCC(NC(=O)C(Cc1c[nH]c2ccccc12)NC(=O)CCNC(=O)OC(C)(C)C)C(=O)NC(CC(=O)O)C(=O)NC(Cc1ccccc1)C(N)=O
1.476836959,Nc1ncnc2c1ncn2C1OC(CO)C(O)C1O
1.549504742,O=C(Cc1cccs1)NC1C(=O)N2C(C(=O)O)=C(CO)CSC12
2.028694424,Nc1nc(=O)c2ncn(C3OC(COP(=O)(O)O)C(O)C3O)c2[nH]1
2.036440248,Cc1ccccc1CN1CCN(CCOC(c2ccccc2)c2ccccc2Cl)CC1
2.671711441,COc1cc2[nH]c3c(c2cc1OC)CCN1CC2C(C)OC=C(C(=O)OCCN(C)C)C2CC31
2.495336038,CNC(C)Cc1ccccc1OC
2.028790784,CC(C)NCC(O)c1ccccc1Cl
1.669730451,COP(=S)(OC)Oc1nc(Cl)c(Cl)cc1Cl
2.27010794,C1CN(CN2CCOCC2)CCO1
4.252059313,CCC(OC(C)=O)C(CC(C)NC)(c1ccccc1)c1ccccc1
2.548488316,CC1(C(=O)O)CCC2(C)CCC3(C)C(=CC(=O)C4C5(C)CCC(OC(=O)CCC(=O)O)C(C)(C)C5CCC43C)C2C1
3.156581891,O=C(O)Cc1ccc(-c2ccccc2)cc1
1.54321667,O=C(O)CC(O)(CC(=O)O)C(=O)O
2.439100051,CN(O)N=Nc1ccccc1
3.134112001,CN1CCN(C2=Nc3cc(Cl)ccc3Nc3ccccc32)CC1
3.190217959,CC(C=C(c1cccs1)c1cccs1)N(C)C
3.333269221,CCCCCC(C)NC
3.154886325,CCOC(=O)C1(c2ccccc2)CCN(CCOCCO)CC1
1.993854891,NC(Cc1ccc(O)c(O)c1)C(=O)O
2.115198606,CN(C)CCOC(=O)C(c1ccccc1)C1(O)CCCC1
2.944172532,CN(C)c1ccc(O)cc1
3.724161935,CN(C(=O)CF)c1cccc2ccccc12
3.035605822,CN1C2CCC1CC(OC(=O)C1CCC(C(=O)Oc3ccccc3)(C3CC4CCC(C3)N4C)c3ccccc31)C2
3.466030411,CCOP(=O)(OCC)C(OC(C)=O)C(Cl)(Cl)Cl
3.155071191,CC(N)C(O)c1cccc(O)c1
2.244457584,CNCC(C)c1ccccc1
2.991005826,COc1ccc(C(CCCc2ccccc2)N(C)C)cc1OC
1.388601923,Cc1cc(=O)oc2cc(O)ccc12
3.155744956,CN1CCC23CCCCC2C1Cc1ccc(O)cc13
3.710994099,CCCCOc1cc(C(=O)OCCN(CC)CC)ccc1N
2.813350379,CC12CCC(=O)C=C1CCC1C2C(O)CC2(C)C1CCC2(O)C(=O)COP(=O)(O)O
2.612868589,CCCCCCCN1C(C)=CSC1=CC=C(C=Cc1scc(C)[n+]1CCCCCCC)c1scc(C)[n+]1CCCCCCC
2.336319934,COC1C=CC2=CCN3CCC4=C(CC(=O)OC4)C23C1
3.258426083,O=P1(N(CCCl)CCCl)NCCCO1
2.686265263,C=CC(O)CC#N
2.189096291,C[N+]1(C)C2CC(OC(=O)C(CO)c3ccccc3)CC1C1OC12
2.876279438,CC(=O)OC1CN2CCC1CC2
4.669882335,CC(=O)O[U](=O)(=O)OC(C)=O
2.749644035,OC1CCN2Cc3ccccc3N=C12
2.410914373,CCCCCCOc1ccc(C(O)(C(=O)OCCN(CC)CC)c2ccccc2)cc1
2.728623766,Cc1cc(S(=O)(=O)O)c2c(C)ccc(C(C)C)cc1-2
3.041792578,NC(=O)N(N=O)c1ccccc1
2.554759879,CC(CO[N+](=O)[O-])O[N+](=O)[O-]
2.450696148,C=CCOc1ccccc1OCC(O)CNC(C)C
1.757022567,C[n+]1cccc(C(N)=O)c1
2.870500665,CC(=O)CCCCn1c(=O)c2c(ncn2C)n(C)c1=O
2.317135216,O=[N+]([O-])c1cncn1CCN1CCOCC1
2.836995308,O=C(OC1C(OC(=O)c2cccnc2)C(OC(=O)c2cccnc2)C(OC(=O)c2cccnc2)C(OC(=O)c2cccnc2)C1OC(=O)c1cccnc1)c1cccnc1
3.149823352,C[N+]1(CC2COC(c3ccccc3)(C3CCCCC3)O2)CCCCC1
3.193066996,C=CCN1CCC2(CC)c3cc(O)ccc3CC1C2C
1.550376763,CC(=O)Nc1ccc(OCC(O)CNC(C)C)cc1
4.37418475,CCC(C)CCCCC(=O)NC(CCN)C(=O)NC(C(=O)NC(CCN)C(=O)NC1CCNC(=O)C(C(C)O)NC(=O)C(CCN)NC(=O)C(CCN)NC(=O)C(C(C)O)NC(=O)C(CC(C)C)NC(=O)C(CCN)NC1=O)C(C)O
3.195064839,CCOc1ccc2c3c1OC1C(O)C=CC4C(C2)N(C)CCC341
2.38045362,Cc1ccccc1OCC(O)CN1CC=CCC1
1.519245045,CC(=O)CCC=C(C)CCC=C(C)CCC=C(C)CCC=C(C)C
3.940436305,O=C(OC1CCN2CC3CC(CN4C(=O)CCCC34)C2C1)c1ccc[nH]1
4.01897358,COC1=CC23CCN(C)C(Cc4ccc(OC)c(O)c42)C3=CC1
2.823378035,CCCCC1C(=O)NC(=O)N(C2CCCCC2)C1=O
1.58331863,O=C(O)CC(O)C(=O)O
4.505767321,CNC(=O)C=C(C)OP(=O)(OC)OC
1.763789574,Cn1ccccc1=N
3.113353412,CC(OP(C)(=O)Cl)C(C)(C)C
3.110829049,CCCCN(C)N=O
2.252016634,NC(=O)C1(N2CCCCC2)CCN(CCCN2c3ccccc3CCc3ccccc32)CC1
2.016126619,Cc1onc(-c2ccccc2Cl)c1C(=O)NC1C(=O)N2C1SC(C)(C)C2C(=O)O
3.083929648,CCN1CC(CCN2CCOCC2)C(c2ccccc2)(c2ccccc2)C1=O
2.881188727,CC(CC(c1ccccc1)c1ccccc1)NC(C)(C)C
5.439468417,CC1CC(C)CC(C)C(O)C(C#N)=CC=CCC(C2CCCC2C(=O)O)OC(=O)CC(O)C(C)C1
1.591849083,CN(CC1(C)CCCO1)S(=O)(=O)c1ccc(Cl)c(S(N)(=O)=O)c1
2.745458074,CN(C)N=Nc1ccc(Cl)cc1
2.600181229,COc1ccc(N=NN(C)C)cc1
2.744167763,CN(C)N=Nc1ccc([N+](=O)[O-])cc1
2.833284773,CCN(CC)CCNC(=O)c1cc(Cl)c(N)cc1OC
2.00481215,CCCCCCC(COC(=O)c1cccnc1)(COC(=O)c1cccnc1)COC(=O)c1cccnc1
2.352030107,CCCC(=O)Nc1c(I)cc(I)c(CC(CC)C(=O)O)c1I
1.793878817,COc1ccc(CCl)cc1OC
2.966226236,O=C(OC1CN2CCC1CC2)c1ccccc1
2.743381199,CC(O)(P(=O)(O)O)P(=O)(O)O
3.584677165,CCOP(=S)(Oc1ccc([N+](=O)[O-])cc1)Oc1ccc([N+](=O)[O-])cc1
4.854482868,CCP(=O)(CC)Oc1ccc([N+](=O)[O-])cc1
3.346238592,CC(C)CCCC(C)NN
5.340736856,COC(=O)C=C(C)OP(=O)(OC)OC
4.275307912,CCC(C)CCCCC(=O)NC(CCNCS(=O)(=O)O)C(=O)NC(C(=O)NC(CCNCS(=O)(=O)O)C(=O)NC1CCNC(=O)C(C(C)O)NC(=O)C(CCNCS(=O)(=O)O)NC(=O)C(CCNCS(=O)(=O)O)NC(=O)C(CC(C)C)NC(=O)C(CC(C)C)NC(=O)C(CCNCS(=O)(=O)O)NC1=O)C(C)O
5.123405538,CNC1C(OC2C(OC(=O)c3c(O)ccc4c(C)cc(OC)cc34)C=C3C#CC4(C5COC(=O)O5)OC4C#CCC32)OC(C)C(O)C1O
2.771701735,CC(C)CC(NC(=O)CNC(=O)C(Cc1ccc(O)cc1)NC(=O)C(CO)NC(=O)C(Cc1c[nH]c2ccccc12)NC(=O)C(Cc1cnc[nH]1)NC(=O)C1CCC(=O)N1)C(=O)NC(CCCNC(=N)N)C(=O)N1CCCC1C(=O)NCC(N)=O
2.288165914,CC(=O)NC1C(O)OC(CO)C(O)C1OC1OC(C(=O)O)C(OC2OC(CO)C(O)C(OC3OC(C(=O)O)C(O)C(O)C3O)C2NC(C)=O)C(O)C1O
2.097726189,CC(=O)NC1C(O)OC(OS(=O)(=O)O)C(O)C1OC1OC(C(=O)O)C(O)C(O)C1O
1.720944547,Cc1cc(=O)[nH]o1
1.907086142,O=C(O)CCC(=O)OC1CCCCC1
1.797073991,O=S(=O)(O)Oc1ccc(C(c2ccc(OS(=O)(=O)O)cc2)c2ccccn2)cc1
2.089292666,Cc1ncc(CSSCc2cnc(C)c(O)c2CO)c(CO)c1O
2.712387306,CCN(CC)CCOn1c(-c2ccccc2)nc2ccccc21
2.429926039,CN(C)c1ccc(O)c2c1CC1CC3C(N(C)C)C(=O)C(C(N)=O)C(=O)C3(O)C(O)=C1C2=O
4.636083497,CC1OC(OC2C(C)OC(OC3C(C)OC(OC4CCC5(C)C(CCC6C5CCC5(C)C(C7=CC(=O)OC7)C(OC=O)CC65O)C4)CC3OC=O)CC2OC=O)CC(OC=O)C1OC=O
1.612213411,N=c1ccn2c(n1)OC1C(O)C(CO)OC12
1.392708382,COc1ccc(Cl)cc1C(=O)NCCc1ccc(S(=O)(=O)NC(=O)NC2CCCCC2)cc1
1.378929087,CCOC1OC(C(COCc2ccccc2)OCc2ccccc2)C(OCc2ccccc2)C1O
3.212674757,CNCCCC12CCC(c3ccccc31)c1ccccc12
1.894131836,CNC(=O)c1c(I)c(NC(=O)CCCCC(=O)Nc2c(I)c(C(=O)O)c(I)c(C(=O)NC)c2I)c(I)c(C(=O)O)c1I
3.203814227,CCOC(CN1CCN(CC(C)C(=O)c2ccccc2)CC1)c1ccccc1
1.817298172,CCOC(=O)CCCOc1ccc(Cl)cc1C
1.830520665,CC(C)=CC1C(C(=O)OCc2coc(Cc3ccccc3)c2)C1(C)C
3.699302836,O=C(CCCN1CCC(O)(c2ccc(Br)cc2)CC1)c1ccc(F)cc1
2.140001855,CCOc1ccc(C(CC(C)c2ccccc2)N(CC)CC)cc1
2.583732586,CN(C)CCC=C1c2ccccc2C(C)(C)c2ccccc21
2.802715099,CC1c2cccc(O)c2C(=O)C2=C(O)C3(O)C(=O)C(C(N)=O)C(=O)C(N(C)C)C3C(O)C21
5.743134241,COC(C(=O)C(O)C(C)O)C1Cc2cc3cc(OC4CC(OC5CC(O)C(OC)C(C)O5)C(O)C(C)O4)cc(O)c3c(O)c2C(=O)C1OC1CC(OC2CC(O)C(O)C(C)O2)C(O)C(C)O1
4.119497796,Cc1c(N)nc(C(CC(N)=O)NCC(N)C(N)=O)nc1C(=O)NC(C(=O)NC(C)C(O)C(C)C(=O)NC(C(=O)NCCc1nc(-c2nc(C(=O)NCCC[S+](C)C)cs2)cs1)C(C)O)C(OC1OC(CO)C(O)C(O)C1OC1OC(CO)C(O)C(OC(N)=O)C1O)c1cnc[nH]1
2.621994587,NCC1OC(OC2C(CO)OC(OC3C(O)C(N)CC(N)C3OC3OC(CO)C(O)CC3N)C2O)C(N)C(O)C1OC1OC(CO)C(O)C(O)C1O
3.022976477,CN1CCC23c4c5ccc(OC(=O)c6cccnc6)c4OC2C(OC(=O)c2cccnc2)C=CC3C1C5
2.574421957,O=C(OCC1OC(O)(COC(=O)c2cccnc2)C(OC(=O)c2cccnc2)C1OC(=O)c1cccnc1)c1cccnc1
3.057776538,O=C(O)CC(S[Au])C(=O)O
1.308072069,O=C(O)C(O)C(O)C(O)C(O)CO
2.883903494,C=C1NC(=O)C(C)NC(=O)C(C(C)C)NC2C=Cc3c(C(C)O)cc(nc3C2O)C(=O)OC(C)C2NC(=S)c3csc(n3)C(C(C)(O)C(C)O)NC(=O)C3CSC(=N3)C(=CC)NC(=O)C(C(C)O)NC(=O)c3csc(n3)C3(CCC(c4nc(C(N)=O)cs4)NC3c3csc2n3)NC(=O)C(C)NC1=O
2.000545999,CC(=CC(=O)OCCCCCCCCC(=O)O)CC1OCC(CC2OC2C(C)C(C)O)C(O)C1O
6.155674534,CCC1NC(=O)C2C(Cl)C(Cl)CN2C(=O)C(CO)NC(=O)CC(c2ccccc2)NC(=O)C(CO)NC1=O
5.604128412,COC(C(=O)C(O)C(C)O)C1Cc2cc3cc(OC4CC(OC5CC(O)C(O)C(C)O5)C(O)C(C)O4)c(C)c(O)c3c(O)c2C(=O)C1OC1CC(OC2CC(OC3CC(O)C(OC)C(C)O3)C(O)C(C)O2)C(O)C(C)O1
1.92859938,O=C(O)CC[Ge](=O)O[Ge](=O)CCC(=O)O
1.408757078,COc1ccc(C(O)(c2cncnc2)C2CC2)cc1
2.625339404,CCN(CC)N=Nc1ccccc1
2.647384149,c1ccc2c(C(CCN3CCOCC3)CCN3CCOCC3)cccc2c1
2.967698169,COP(=O)(OC)OC(=CBr)c1ccc(Cl)cc1Cl
4.300582442,CCN(CC)C(=O)C(Cl)=C(C)OP(=O)(OC)OC
2.249346767,COc1ccc(CN2CCNCC2)c(OC)c1OC
1.793089269,CCCCCN(CCCCC)N=O
3.035399717,CCCCCN(C)N=O
2.670243533,CCOC(=O)N1CCN(N=O)CC1
2.810192179,NCCc1nncs1
3.187833776,COC1C=COC2(C)Oc3c(C)c(O)c4c(O)c(c(C=NN5CCN(C)CC5)c(O)c4c3C2=O)NC(=O)C(C)=CC=CC(C)C(O)C(C)C(O)C(C)C(OC(C)=O)C1C
2.959716032,CCN(CC)CCOC1(c2ccc(Cl)cc2)CCCCC1
3.156497057,COc1ccccc1N1CCN(CCCC(O)c2ccc(F)cc2)CC1
2.011836774,c1cc2cc3c(cc2o1)OCC1c2cc4c(cc2OC31)OCO4
6.169799298,NS(=O)(=O)c1nnc(NS(=O)(=O)c2ccc(Cl)cc2)s1
2.995348472,CC(C)NCC(O)COc1cccc2[nH]ccc12
3.038338319,NN(CCO)CCO
4.318491155,COC(=O)N(CCCl)N=O
3.734296387,CCOP(=S)(OCC)Oc1cnc2ccccc2n1
2.15892209,CCCC(=O)OC1(C(=O)CO)CCC2C3CCC4=CC(=O)CCC4(C)C3C(O)CC21C
1.669587212,CC12CCC3C(CCC45OC4C(=O)C(C#N)CC35C)C1CCC2O
2.934418341,C=CCc1ccccc1OCC(O)CNC(C)C
3.026881891,Cc1c(Cl)cccc1Nc1ccccc1C(=O)O
2.272537777,CCN(CC)CCSC(=S)N1c2ccccc2Sc2ccccc21
3.890138294,CCCC(C)(O)C1CC23C=CC1(OC)C1Oc4c(O)ccc5c4C12CCN(C)C3C5
2.924822159,COc1ccc2c(c1)Sc1ccc(C(C)C(=O)O)cc1N2C
2.401293677,COC1C=COC2(C)Oc3c(C)c(O)c4c(O)c(cc(OCC(=O)O)c4c3C2=O)NC(=O)C(C)=CC=CC(C)C(O)C(C)C(O)C(C)C(OC(C)=O)C1C
2.540557058,CN(C(=O)CN(CCO)CC(=O)N(C)C(C)(C)Cc1ccccc1)C(C)(C)Cc1ccccc1
2.629680403,NC1Cc2ccccc2C1O
2.826060398,CN1c2ccccc2Sc2ccc(CC(=O)O)cc21
2.615531173,CS(=O)(=O)c1ccc2c(c1)N(CCCN1CCC(C(N)=O)CC1)c1ccccc1S2
1.843423817,Clc1ccc2c(c1)C(N1CCNCC1)=Nc1ccccc1O2
2.874252353,CCOC(=O)Cc1ccc(-c2ccccc2)cc1
3.182566938,CN(C)C(Cc1ccccc1)c1ccccc1
2.375124321,CCCc1cc(C(N)=S)ccn1
2.706693522,CCC1OC(=O)C(C)C(OC2CC(C)(OC)C(O)C(C)O2)C(C)C(OC2OC(C)CC(N(C)C)C2O)C(C)(O)CC(C)C(=O)C(C)C(O)C1(C)O
3.408508489,COc1cc(C(=O)N2CCCCCCC2)cc(OC)c1OC
0.98184125,CCCCCC=CCC=CCCCCCCCC(=O)NC(C)c1ccccc1
1.523354471,CCOc1c(N)c2c(c(OCC)c1OCC)C(C1c3c(cc4c(c3OC)OCO4)CCN1C)OC2=O
2.493730096,CCC(OCCN(C(C)C)C(C)C)C(=O)c1ccccc1
1.293164978,O=C1CN(/N=C/c2ccc(-c3ccc([N+](=O)[O-])cc3)o2)C(=O)N1
2.697556716,CCOC(=O)NNc1nncc2ccccc12
2.241045658,CCc1coc2ccccc2c1=O
3.845705627,CCCCCCCCCCCCCCCC(=O)OCC(=O)C1(O)C(C)CC2C3CCC4=CC(=O)C=CC4(C)C3(F)C(O)CC21C
1.946455642,NC(CO)C(=O)NNCc1ccc(O)c(O)c1O
1.370477005,CC(C)(Oc1ccc(Cl)cc1)C(=O)OCCCOC(=O)C(C)(C)Oc1ccc(Cl)cc1
2.79449925,COC1C=COC2(C)Oc3c(C)c(O)c4c(O)c(cc(O)c4c3C2=O)NC(=O)C(C)=CC=CC(C)C(O)C(C)C(O)C(C)C(OC(C)=O)C1C
2.634889728,Cc1ccc(Cl)c(OCC(O)CNC(C)(C)C)c1
6.376909198,C=CC[N+]12CCC34c5ccccc5N5C=C6C7CC8C9(CC[N+]8(CC=C)CC7=CCO)c7ccccc7N(C=C(C(CC31)C(=CCO)C2)C54)C69
3.05986933,Cc1cccc(OCC(O)CNC(C)(C)C)c1C
3.552438044,O=C(O)Cc1ccccc1Nc1c(Cl)cccc1Cl
2.463157256,C[N+]1(CCC(C(N)=O)(c2ccccc2)c2ccccc2)CCCCCC1
3.312314904,CCN(CC)c1cc(C)nc2ncnn12
4.236819116,CCC(=O)OC1(C(=O)CO)C(C)CC2C3CCC4=CC(=O)C=CC4(C)C3(F)C(O)CC21C
2.651027188,Nc1ccccc1C(=O)O[Cu]OC(=O)c1ccccc1N
6.118573381,CC(=O)OC1CC2CCC3C(CCC4(C)C3CC([N+]3(C)CCCCC3)C4OC(C)=O)C2(C)CC1[N+]1(C)CCCCC1
3.040099786,C=CCC1=C(C)C(OC(=O)C2C(C)(C)C2(C)C)CC1=O
3.308876772,C=CC1=C(C)c2cc3[nH]c(c(CC(=O)O)c4[nH]c(cc5nc(cc1n2)C(C)=C5CC)c(C)c4C(=O)O)C(CCC(=O)O)C3C
2.977002993,CCN1CCCC1CNC(=O)c1cc(S(N)(=O)=O)ccc1OC
1.755494979,CC1=C(C(=O)O)N2C(=O)C(NC(=O)C(N)c3ccccc3)C2SC1
2.540481305,CCN(CC)CCn1c(-c2ccccc2)noc1=N
1.89243782,O=C(O)c1cc(=O)c2c(OCC(O)COc3cccc4oc(C(=O)O)cc(=O)c34)cccc2o1
5.58621419,CN(CCCCCCN(C)C(=O)Oc1ccc[n+](C)c1)C(=O)Oc1ccc[n+](C)c1
2.311018115,CC(=O)N(CC(C)C(=O)O)c1c(I)cc(I)c(N)c1I
2.007410846,CCN(CC)C(=O)c1ccc[n+](C)c1
2.633236938,CCN=[N+](O)CC
2.576080706,CCCCCCCN(C)N=O
1.838274687,CCCCCN(CCCC)N=O
2.963571771,CCN1CCC(=C2c3ccccc3CCc3ccccc32)C1C
2.502217254,CN(C)CCCN1C(=O)c2cc([N+](=O)[O-])ccc2Oc2ccccc21
4.11382901,CCCCNc1ccc(C(=O)OCCN(CC)CC)cc1
4.255845824,CNC(=O)ON=C(C)SC
3.50045964,COc1cccc(C(=O)CCNC(C)C(O)c2ccccc2)c1
2.056554258,CC(C)(CO)C(O)C(=O)NCCC(=O)NCCSSCCNC(=O)CCNC(=O)C(O)C(C)(C)CO
2.440912229,COC1C(OC(C)=O)CC(=O)OC(C)CC=CC=CC(O)C(C)CC(CC=O)C1OC1OC(C)C(OC2CC(C)(O)C(OC(=O)CC(C)C)C(C)O2)C(N(C)C)C1O
4.851780412,CCC(C)(C)OC(=O)NC(Cc1c[nH]c2ccccc12)C(=O)NC(CCSC)C(=O)NC(CC(=O)O)C(=O)NC(Cc1ccccc1)C(N)=O
2.984005797,CCCC(=O)Nc1ncnc2c1ncn2C1OC2COP(=O)(O)OC2C1OC(=O)CCC
1.915886363,CCCCCCCCCCCCCCN(CC)C(C)(CO)CO
2.643166683,CC1C(c2ccccc2)OCCN1C
3.808404746,O=C(CCCN1CCC(O)(c2ccc(Cl)c(C(F)(F)F)c2)CC1)c1ccc(F)cc1
1.528226163,C#CC1(O)CCC2C3CCC4=Cc5oncc5CC4(C)C3CCC21C
3.016610323,CNCC12CCC(c3ccccc31)c1ccccc12
2.255079442,CN(C)CCCN1c2ccccc2CCc2ccc(Cl)cc21
2.655716469,CC(=O)SCc1cnc(C)c(O)c1CN
2.34743984,CC(O)C(O)C1CNc2[nH]c(N)nc(=O)c2N1
1.864323558,Cc1ccccc1N1C(=O)c2cc(S(N)(=O)=O)c(Cl)cc2NC1C
3.597626754,CCCCCCCC[Sn](CCCCCCCC)(OC(C)=O)OC(C)=O
3.420358405,CC(Cc1ccccc1)NC(C#N)c1ccccc1
2.570649608,CN(C)C(CSS(=O)(=O)c1ccccc1)CSS(=O)(=O)c1ccccc1
2.329315833,CCN(CC)CCN1C(=O)CN=C(c2ccccc2F)c2cc(Cl)ccc21
2.90499465,CCCC(=O)N1CCN(CC=Cc2ccccc2)CC1
2.907570099,Cc1c(Cl)cccc1Nc1ncccc1C(=O)O
1.742747569,N=C(N)NCCCC(N)C(=O)O
2.523245569,O=c1[nH]c(=O)n(C2CCCO2)cc1F
3.413884578,CCOC(=O)C1(c2ccccc2)CC2CC1CN2C
3.78936277,CCCCN1CCCCC1C(=O)Nc1c(C)cccc1C
2.783461356,O=C(O)Cc1sc(-c2ccccc2)nc1-c1ccc(Cl)cc1
3.06873735,O=C1OC(CCN2CCCCC2)OC1(c1ccccc1)c1ccccc1
5.544130482,COC(C(=O)C(O)C(C)O)C1Cc2cc3cc(OC4CC(OC5CC(O)C(O)C(C)O5)C(O)C(C)O4)c(C)c(O)c3c(O)c2C(=O)C1OC1CC(OC2CC(OC3CC(C)(O)C(O)C(C)O3)C(O)C(C)O2)C(O)C(C)O1
2.302195378,COc1cc(CC2NCCc3cc(O)c(O)cc32)cc(OC)c1OC
1.981029912,CC(C)(C)NCC(O)c1ccc(O)c(CO)c1
2.27317264,CC(=C(CCO)SSC(CCO)=C(C)N(C=O)Cc1cnc(C)nc1N)N(C=O)Cc1cnc(C)nc1N
3.05163295,COc1cc(C)nc(-n2nc(C)cc2OC)n1
1.547231059,CC(=O)Nc1ccc(CC(=O)O)cc1
2.231482334,O=C1C(O)N=C(c2ccccc2)c2cc(Cl)ccc2N1CC1CC1
2.009629903,COc1cc2nc(N3CCN(C(=O)c4ccco4)CC3)nc(N)c2cc1OC
1.916060712,CCS(=O)(=O)CCn1c([N+](=O)[O-])cnc1C
1.348609484,CC1OC(OC2C(O)C(O)C(O)C(O)C2O)C(N)CC1NC(=N)C(=O)O
3.831109832,COP(=O)(OC)OC(C)=CC(=O)O
1.982733932,CCn1cc(C(=O)O)c(=O)c2cnc(N3CCCC3)nc21
1.788727018,O=S(=O)(O)CCS
2.898870754,CC(=O)OCC(=O)C12N=C(C)OC1CC1C3CCC4=CC(=O)C=CC4(C)C3(F)C(O)CC12C
3.062683207,CN(C)N=Nc1cccnc1
1.998176483,CCCOC(=O)c1ccc([N+](=O)[O-])o1
3.214511448,COc1cc(C(=O)OCCCN2CCCN(CCCOC(=O)c3cc(OC)c(OC)c(OC)c3)CC2)cc(OC)c1OC
1.416441991,CC(C(=O)Nc1cc(-c2ccccc2)nn1-c1ccccc1)N(C)C
2.597011128,O=C(O)COc1nn(Cc2ccccc2)c2ccccc12
2.620229777,CCOc1ccccc1C(=O)N/N=C(\C)C(=O)O
2.003199334,CC12CCC(CC1=O)C2(C)C=O
2.513814012,Cc1ccccc1N=NN(C)C
2.513814012,Cc1cccc(N=NN(C)C)c1
2.845561326,Cc1cc(CCN2CCN(c3cccc(Cl)c3)CC2)[nH]n1
3.347050155,CCOP(=O)(OCC)Oc1cc(Cl)c(Cl)cc1Cl
2.30158879,CCC(=O)OC1(C(C)=O)CCC2C3CCC4=CC(=O)C=CC4(C)C3C(O)CC21C
7.943232666,CC1OC(OC2C(O)CC(OC3C(O)CC(OC4CCC5(C)C(CCC6C5CC(O)C5(C)C(C7=CC(=O)OC7)CCC65O)C4)OC3C)OC2C)CC(O)C1O
4.201105786,COc1cccc2c1C(=O)c1c(O)c3c(c(O)c1C2=O)CC(O)(C(C)=O)CC3OC1CC(N)C(O)C(C)O1
2.794169662,CC1N(c2ccccc2)C(=O)c2ccccc2N1C(=O)CN1CCOCC1
3.924611865,CC(=O)OC(C)C(C)C(=O)OCC12C3CC4(C)C(=CCC5C6(C)CCC(OC7OC(C(=O)O)C(OC8OC(CO)C(O)C(O)C8O)C(O)C7OC7OCC(O)C(O)C7O)C(C)(CO)C6CCC54C)C1CC(C)(C)C(O3)C2O
3.424044546,C[CH-][Hg+2]1NC(C[S-]->1)C(=O)O
2.420385607,CSc1nnc(C(C)(C)C)c(=O)n1N
2.509764187,Cc1ccc(S(=O)(=O)NC(=O)NN2CC3CCCC3C2)cc1
1.699357801,CN(O)C=O
2.003451649,O=C(O)CCc1nc(-c2ccccc2)c(-c2ccccc2)o1
5.920688756,CC(=O)OCC12CC(OC(=O)CC(C)C)C(C)=CC1OC1C(O)C(OC(C)=O)C2(C)C12CO2
5.592402262,CC(=O)OCC12CC(OC(=O)CC(C)C)C(C)=CC1OC1C(OC(C)=O)C(OC(C)=O)C2(C)C12CO2
1.771322855,CC(=O)Nc1ccc(S(=O)(=O)Nc2cc(C)on2)cc1
2.366440737,CCCC1CC(C(=O)NC(C(C)Cl)C2OC(SC)C(O)C(O)C2O)N(C)C1
1.945094202,CN1CCN2c3ccccc3Cc3ccccc3C2C1
2.263293668,N#CSCSc1nc2ccccc2s1
3.606088504,CCN1C(=O)c2ccccc2C1Nc1ccc(OCCN2CCCCC2)cc1
2.928783442,CCN(CC)N=Nc1cccnc1
2.697091242,CN(CCO)N=Nc1ccccc1
2.691690394,CCOC(=O)c1ccc(N=NN(C)C)cc1
1.547009608,O=C1c2ccccc2CN2C(=O)c3ccccc3CN12
2.001439508,CC1(C)SC2C(NC(=O)C(C(=O)Oc3ccccc3)c3ccccc3)C(=O)N2C1C(=O)O
2.14142271,CCNc1nc(Cl)nc(NC(C)(C)C#N)n1
2.789213357,c1ccc(N(CCN2CCCCC2)Cc2ccccn2)cc1
1.539501399,COC(=O)C1=C(C)NC(C)=C(C(=O)OC)C1c1ccccc1[N+](=O)[O-]
3.272523677,CC(C)(C)NCC(O)c1cc(Cl)c(N)c(Cl)c1
4.059298292,NC(=O)c1cc(N2CC2)c([N+](=O)[O-])cc1[N+](=O)[O-]
2.09156731,CC(=N)NO
3.187773113,O=P1(N(CCCl)CCCl)OCCCN1CCCl
2.480311705,C=CCOc1ccc(CC(=O)O)cc1Cl
2.394676182,COc1ccc2cc(C(C)C(=O)O)ccc2c1
2.410310011,OC1(c2ccc(Cl)cc2)c2ccccc2C2=NCCN21
1.387347107,COP(=O)(OC)OC(=CCl)c1cc(Cl)c(Cl)cc1Cl
2.7189709,CC(C)[N+]1(C)C2CCC1CC(OC(=O)C(CO)c1ccccc1)C2
1.538679163,CN1C(=O)CC(=O)N(c2ccccc2)c2cc(Cl)ccc21
1.582586021,CCC1C(C)=NN=C(c2ccc(OC)c(OC)c2)c2cc(OC)c(OC)cc21
3.131115577,O=C(O)c1cc(-c2ccc(F)cc2F)ccc1O
2.771607844,CCCOCCOC(=O)C1=C(C)NC(C)=C(C(=O)OCCOCCC)C1c1cccc([N+](=O)[O-])c1
3.210029429,CN(CCS(=O)(=O)O)N=Nc1ccccc1
1.92026424,Clc1ccc(COC(Cn2ccnc2)c2ccc(Cl)cc2Cl)c(Cl)c1
3.062024147,COc1ccc(CC2NCC(O)C2OC(C)=O)cc1
4.380730136,CN1CCC23c4c5ccc(O)c4OC2C([N-][N+]#N)CCC3C1C5
3.416840137,COc1ccc2c3c1OC1C([N-][N+]#N)CCC4C(C2)N(C)CCC341
2.803790827,CCON=[N+]1CCCCC1
2.356411917,CCON=[N+]1CCOCC1
4.162044376,CCON=[N+](C)C(C)(C)C
2.714269043,C#CCC1=C(C)C(OC(=O)C2C(C=C(C)C)C2(C)C)CC1=O
1.456929036,C#CCc1ccc(COC(=O)C2C(C=C(C)C)C2(C)C)o1
3.096033355,CN1CCC23c4c5ccc(O)c4OC2C(O)C=CC3C1C5
2.439815655,CC(C)(C)NCC(O)COc1ccccc1C#N
2.436100188,CC[N+]1(CCOC(=O)C(O)(c2ccccc2)c2ccccc2)CCCCC1
2.304864095,CCC1(CC)C(=O)C=CN(CN2CCOCC2)C1=O
3.876102321,CCN(CC)CCNC(=O)c1cc(Cl)c(N)cc1OCc1ccccc1
3.41484304,Nc1cc(OCc2ccccc2)c(C(=O)NCCN2CCOCC2)cc1Cl
3.03477028,CCN1CCCC1CNC(=O)c1cc(Cl)cc(Cl)c1OCc1ccccc1
3.327446828,CCN(CC)CCNC(=O)c1cc(Cl)cc(Cl)c1OCc1ccccc1
1.466162988,CC(=O)OCC1=C(C(=O)O)N2C(=O)C(NC(=O)CC#N)C2SC1
2.467198728,CC(NCCc1ccc(O)cc1)C(O)c1ccc(O)cc1
1.978185084,O=C(O)CCc1nc2ccccc2[nH]1
5.850468561,CC(=O)OC1C(O)C2OC3C=C(C)C(=O)C(O)C3(CO)C1(C)C21CO1
2.765875224,CC(=O)OC(c1ccccc1)C1CCCCN1
5.540354505,CC1=CC2OC3C(O)C(O)C(C)(C34CO4)C2(CO)C(O)C1=O
1.77341027,COC(=O)c1cccc(C)c1O
1.700336748,C=C(O)C(=O)NC1C=C(C)C=CC(O)CC=C(C)C=CC(OC(C)=O)CC2OC(=O)C1(C)C(=O)C2C
2.404721168,Nc1c(Br)cc(Br)cc1CNC1CCC(O)CC1
1.929745801,Cc1ncc(C[n+]2csc(CCOP(=O)(O)OP(=O)(O)O)c2C)c(N)n1
2.17934807,CC(=O)C1CCC2C3CCC4CC(O)CCC4(C)C3C(=O)CC12C
2.188997815,COc1cc(C(=O)OCCCNCCC(c2ccccc2)c2ccccc2)cc(OC)c1OC
1.972553509,O=C1CCC(=O)N1c1cc(Cl)cc(Cl)c1
2.215900492,CC1CN2CC(=O)Nc3ccc(Cl)cc3C2(c2ccccc2)O1
1.770225882,CCCOP(=S)(OCCC)SCC(=O)N1CCCCC1C
1.844125373,O=C1CN2CCOC2(c2ccccc2Cl)c2cc(Cl)ccc2N1
1.619234245,Clc1ccc(C(Cn2ccnc2)OCc2c(Cl)cccc2Cl)c(Cl)c1
2.448171874,Clc1ccc(COC(Cn2ccnc2)c2ccc(Cl)cc2Cl)cc1
4.905982433,COC(COC(N)=O)C1=C(N2CC2)C(=O)C(C)=C(N2CC2)C1=O
3.143884691,COc1c(C)c2c(c(O)c1CC=C(C)CCC(=O)O)C(=O)OC2
1.559176205,NC(=O)C1CCCN1C(=O)C(Cc1cnc[nH]1)NC(=O)C1CCC(=O)N1
1.468462208,CC(=O)OCC1=C(C(=O)O)N2C(=O)C(NC(=O)CSc3ccncc3)C2SC1
2.588589479,CC(=O)NC(CC(C)C)C(=O)NC(CC(C)C)C(=O)NC(C=O)CCCNC(=N)N
4.964047382,CC(C)N(CCCl)CCCl
2.683765262,Cc1cc(C(=O)NCCc2ccc(S(=O)(=O)NC(=O)NC3CCCCC3)cc2)no1
3.15073658,O=S(=O)(Cl)N(CCCl)CCCl
1.66459227,CN(CC(=O)N1CCOCC1)Cc1c(Cl)cccc1NC(=O)c1ccccc1
3.35281764,CCC(=O)N(c1ccccn1)C(C)CN1CC2CCCC(C2)C1
3.343609638,CCC(=O)N(c1ccccn1)C(C)CN1CC2CCC(CC2)C1
3.055946363,CCC(=O)N(c1ccccn1)C(C)CN1CC2CCC1CC2
3.535203362,CCC(=O)N(c1ccccn1)C(C)CN1CC2CCC(C2)C1
3.578997155,CCC(=O)N(c1ccccn1)C(C)CN1CCCC(C)C1C
1.835054601,O=C(OC1CC2NC(C1)C1OC21)C(CO)c1ccccc1
2.116565776,CCCC1CC(C(=O)NC(C(C)Cl)C2OC(SC)C(OP(=O)(O)O)C(O)C2O)N(C)C1
3.070192529,COC(=O)C1C2CC3c4[nH]c5cc(OC)ccc5c4CCN3CC2CC(OC(=O)C=Cc2cc(OC)c(OC)c(OC)c2)C1OC
1.965698697,CC(C)(Oc1ccc(Cl)cc1)C(=O)O[Al](O)OC(=O)C(C)(C)Oc1ccc(Cl)cc1
2.783089389,CN1CCN(c2cc3c(nn2)Oc2ccccc2N3C)CC1
2.645963326,COC1C(OC(C)=O)CC(=O)OC(C)CC=CC=CC(OC2CCC(N(C)C)C(C)O2)C(C)CC(CC=O)C1OC1OC(C)C(OC2CC(C)(O)C(O)C(C)O2)C(N(C)C)C1O
3.71731908,CCOP(=S)(OCC)SCCl
3.105814405,CCC(=O)OC1(C(=O)CCl)C(C)CC2C3CCC4=CC(=O)C=CC4(C)C3(F)C(O)CC21C
2.265351285,CCCC(=O)OC1(C(=O)CCl)C(C)CC2C3CCC4=CC(=O)C=CC4(C)C3(F)C(=O)CC21C
2.454108439,CCC(=O)OCc1ccc([N+](=O)[O-])o1
2.352391712,O=c1n(CCCN2CCN(c3cccc(Cl)c3)CC2)nc2ccccn12
2.739759146,CC(C)OP(=O)(OC(C)C)SCc1ccccc1
2.38923192,Cc1ccc(C(=O)c2ccc(CC(=O)O)n2C)cc1
2.702806966,CNNCc1ccccc1
1.855936922,CC(C)(C)C(=O)OCOC(=O)C1N2C(=O)C(NC(=O)C(N)c3ccccc3)C2SC1(C)C
2.321314888,CC1(C)SC2C(NC(=O)C(C(=O)Oc3ccc4c(c3)CCC4)c3ccccc3)C(=O)N2C1C(=O)O
2.410375668,CN(C)CCOC1=Cc2ccccc2Sc2ccc(Cl)cc21
2.622180854,CN(CCCN1c2ccccc2CCc2ccccc21)CC(=O)c1ccc(Cl)cc1
1.864323558,CC1Cc2ccccc2N1NC(=O)c1ccc(Cl)c(S(N)(=O)=O)c1
3.234069598,c1nnc(NCNc2nncs2)s1
5.627867464,CC(=O)OCC12CC(OC(=O)CC(C)C)C(C)=CC1OC1C(O)C(O)C2(C)C12CO2
1.530630078,Cc1ccc(S(=O)(=O)NC(=O)NC2C3CCC(C)(C2O)C3(C)C)cc1
1.909802436,O=C1CSC2(CCN(CCCN3c4ccccc4Sc4ccc(Cl)cc43)CC2)N1
2.486175353,NC(CCC(=O)NC(CSSCC(NC(=O)CCC(N)C(=O)O)C(=O)NCC(=O)O)C(=O)NCC(=O)O)C(=O)O
1.797976932,O=C1CN2CCOC2(c2ccccc2F)c2cc(Cl)ccc2N1CCO
2.834700393,CCOC(=O)C1(c2ccccc2)CCC=CC1N(C)C
1.176667041,C#CCc1cc(COC(=O)C2C(C=C(C)C)C2(C)C)c(C)o1
1.434431569,O=C1OCc2c(Cl)c(Cl)c(Cl)c(Cl)c21
3.029165932,CCCCC1(COC(=O)CCC(=O)O)C(=O)N(c2ccccc2)N(c2ccccc2)C1=O
2.372299349,CCCCOc1ccc(OCC(=O)N(CCN(CC)CC)c2cc(OCC)ccc2OCC)cc1
2.160321167,CCOC(=O)Cc1[nH]nc2ccc(Cl)cc12
2.502150473,CC(C)NC(C)Cn1cnc2c1c(=O)n(C)c(=O)n2C
2.799079475,NS(=O)(=O)c1cc(-c2nn[nH]n2)c(NCc2cccs2)cc1Cl
4.943043872,CCOP(=O)(OCC)OC(C)=CC(=O)OC(C)c1ccccc1
1.649827299,C=CCOC1=NS(=O)(=O)c2ccccc21
2.902016165,CNCc1ccccc1C(O)c1ccc(Cl)cc1
2.58502283,CCN(CCN(C)C)c1ccccc1
2.320974348,NCC1CCC(C(=O)Oc2ccc(CCC(=O)O)cc2)CC1
2.795337034,COC12CC(COC(=O)c3cncc(Br)c3)CN(C)C1Cc1cn(C)c3cccc2c13
2.329498898,O=C(OCC1(COC(=O)c2cccnc2)CCCC(COC(=O)c2cccnc2)(COC(=O)c2cccnc2)C1O)c1cccnc1
1.576090985,CC1(C)SC2C(NC(=O)C(c3ccccc3)S(=O)(=O)O)C(=O)N2C1C(=O)O
1.381190918,NC(=O)C1(N2CCCCC2)CCN(CCCN2c3ccccc3CCc3ccc(Cl)cc32)CC1
1.674854044,NC(CC(=O)O)C(=O)O
3.269033514,NCC(CC(=O)O)c1ccc(Cl)cc1
2.260575783,CCCCNc1cc(C(=O)O)cc(S(N)(=O)=O)c1Oc1ccccc1
1.429963725,Nc1ccc(Oc2ccc(N)c(Cl)c2)cc1Cl
3.34701405,O=C(NP(=O)(N1CC1)N1CC1)OCC(COC(=O)NP(=O)(N1CC1)N1CC1)OC(=O)NP(=O)(N1CC1)N1CC1
2.278788383,CCn1nc(C(=O)O)c(=O)c2cc3c(cc21)OCO3
1.809946704,O=C1CCC(C(=O)O)N1
3.365878718,CN(C)CCCn1c2ccc(Cl)cc2c(=O)c2cccnc21
1.836598787,Cc1nnc2n1-c1ccc(Cl)cc1C(c1ccccc1Cl)=NC2
1.790667907,Cc1nnc2n1-c1ccc(Cl)cc1C(c1ccccc1)=NC2
3.334201468,N=C(N)NC(=O)Cc1c(Cl)cccc1Cl
4.749491239,CNC(=O)ON=C(C)SCCC#N
2.647286776,CC(C)NCC(O)COc1ccc(CC(N)=O)cc1
2.256202828,CCOC(=O)C1N=C(c2ccccc2F)c2cc(Cl)ccc2NC1=O
2.669649654,c1ccc2c(c1)Sc1ccccc1N2CC1CN2CCC1CC2
2.685336805,CC(C(=O)O)c1cccc(Oc2ccccc2)c1
2.405659944,NCC1OC(OC2C(N)CC(N)C(OC3OC(CO)C(O)C(N)C3O)C2O)C(N)C(O)C1O
2.068692861,CN1CCN(CC(=O)N2c3ccccc3C(=O)Nc3cccnc32)CC1
1.91556342,Clc1ccc2c(c1)C(c1ccccc1)=NCc1nncn1-2
1.582338574,Cn1nnnc1SCC1=C(C(=O)O)N2C(=O)C(NC(=O)C(O)c3ccccc3)C2SC1
3.800571325,COc1cc2c(cc1OC)-c1c(C)c3ccc(OC)c(OC)c3c[n+]1CC2
2.385235707,CCC(C)(Oc1ccc(C2(c3ccc(OC(C)(CC)C(=O)O)cc3)CCCCC2)cc1)C(=O)O
2.353342531,Fc1ccc(C(c2ccc(F)cc2)N2CCN(CC=Cc3ccccc3)CC2)cc1
2.813076833,O=C(OCCOCCO)c1ccccc1Nc1cccc(C(F)(F)F)c1
5.127299324,COC1C(O)CC(OC2C(O)CC(OC3C(O)CC(OC4CCC5(C)C(CCC6C5CC(O)C5(C)C(C7=CC(=O)OC7)CCC65O)C4)OC3C)OC2C)OC1C
2.919094359,CC(C)=CCC1C(=O)N(c2ccccc2)N(c2ccccc2)C1=O
1.850817419,COc1cc(C(=O)NC2CCCNC2)cc(OC)c1OC
4.666682572,CC(=O)Nc1c(I)c(C(=O)NC(C=O)C(O)C(O)C(O)CO)c(I)c(N(C)C(C)=O)c1I
2.44523593,CC(C)Cc1ccc(C(C)C(=O)O)cc1
2.185861596,CCN(CC)CCOC(=O)C(Cc1cccc2ccccc12)CC1CCCO1
3.575674749,CCCCN1CCCC(OC(=O)Nc2c(C)cccc2Cl)C1
1.668276553,CC1=C(C(=O)O)N2C(=O)C(NC(=O)C(N)C3=CCC=CC3)C2SC1
1.958138458,CC1COC2(c3ccccc3Cl)c3cc(Cl)ccc3NC(=O)CN12
1.453535433,CC12CC1(C)C(=O)N(c1cc(Cl)cc(Cl)c1)C2=O
2.099201737,CCCCC(CC)CNC(=O)CC(C)OC(=O)CCC(=O)O
2.320816654,CC(C)(C)C(=O)OCOC(=O)C1N2C(=O)C(N=CN3CCCCCC3)C2SC1(C)C
2.567084192,CN1C2CCC(C)(C)C1CC(OC(=O)C(O)(c1cccs1)c1cccs1)C2
2.683476417,NCC1OC(OC2C(N)CC(N)C(OC3OC(CO)C(O)C(N)C3O)C2O)C(N)CC1O
3.083059066,CC(C(=O)O)c1ccc(C(=O)c2ccccc2)s1
3.261364155,C=CCN(C1=NCCN1)c1c(Cl)cccc1Cl
3.211859142,CCN(CC)CCCN(c1ccccc1)C1Cc2ccccc2C1
2.90154948,COc1ccc(C2Sc3ccccc3N(CCN(C)C)C(=O)C2OC(C)=O)cc1
5.424557794,C=C1C2CCC3C4(C)CC(OC5OC(CO)C(OS(=O)(=O)O)C(OS(=O)(=O)O)C5OC(=O)CC(C)C)CC(C(=O)O)(C(=O)O)C4CCC3(C2)C1O
3.80022719,CCOP(=O)(OCC)OC(=CBr)c1ccc(Cl)cc1Cl
3.468762223,COc1cc(C2c3cc4c(cc3C(OC3OC5COC(C)OC5C(O)C3O)C3COC(=O)C23)OCO4)cc(OC)c1O
2.217072266,CC(=O)OCC(=O)C1(OC(C)=O)C(C)CC2C3CC(F)C4=CC(=O)C=CC4(C)C3(F)C(O)CC21C
1.804587813,CCc1cc2c(s1)N(C)C(=O)CN=C2c1ccccc1Cl
1.480665076,CCC1CC2C3CCC4=CC(=O)CCC4C3CCC2(C)C1O
2.659575854,CNC(=O)N(C)c1nnc(C(C)(C)C)s1
3.460476229,CCP(CC)(CC)=[Au]SC1OC(COC(C)=O)C(OC(C)=O)C(OC(C)=O)C1OC(C)=O
4.980518081,CC1=CC2OC3C(O)C(O)C(C)(C2(CO)CC1OC(=O)CC(C)C)C31CO1
5.360760855,CC1=CC2OC3C(O)C(O)C(C)(C2(CO)CC1O)C31CO1
3.65755066,O=C(O)C1CCc2cc(C3CCCCC3)c(Cl)cc21
3.453915901,O=[PH](Oc1ccc(OP(=O)(N2CC2)N2CC2)cc1)N1CCCC(N2CC2)C1
3.338602213,O=P(Oc1ccc(OP(=O)(N2CC2)N2CC2)cc1)(N1CCOCC1)N1CC1
3.242510848,O=[PH](Oc1ccc(O[PH](=O)N2CCCCC2N2CC2)cc1)N1CCC(N2CC2)CC1
3.547293677,O=P(Oc1ccc(OP(=O)(N2CCOCC2)N2CC2)cc1)(N1CCOCC1)N1CC1
3.660838679,NP(=O)(Oc1ccc(OP(=O)(N2CC2)N2CC2)cc1)N1C=CC(N2C=C2)=CC1
3.340203791,CCCNCC(O)COc1ccccc1C(=O)CCc1ccccc1
2.409626002,CCCC(=O)Nc1ccc(OCC(O)CNC(C)C)c(C(C)=O)c1
2.168750118,CC(=O)C1(c2cccc(O)c2)CCN(CCCC(=O)c2ccc(F)cc2)CC1
2.061016206,CCCSP(=S)(OCC)Oc1ccc(Cl)cc1Cl
2.247413225,COc1ccccc1N1CCN(CCCNc2cc(=O)n(C)c(=O)n2C)CC1
3.005207904,CNC(=O)ON=C(C)C(C)SC
2.887480546,CNC(=O)ON=C(C)C(C)S(C)(=O)=O
3.564937243,C=CC(=O)C1=CN(P(=O)(Oc2ccc(OP(=O)(N3CC3)N3CC3)cc2)N2CC2)CC(=N)C1
3.441904133,COC(CN1CCN(CC(O)C(OC)c2ccccc2)CC1)c1ccccc1
2.243405183,O=c1c2ccccc2n(-c2cccc(C(F)(F)F)c2)c(=O)n1CCO
3.100998382,COC1CC(=C(c2cccs2)c2cccs2)C[N+](C)(C)C1
2.251147046,CC(C)(C)NCC(O)COc1ccccc1OCC1CCCO1
2.366549928,Nc1ncnc2c1ncn2C1OC(COP(=O)(O)O)C(O)C1O
2.049718724,CC(C)Oc1ccc2c(=O)c(-c3ccccc3)coc2c1
2.31669441,CP(C)(=O)CN1C(=O)CN=C(c2ccccc2)c2cc(Cl)ccc21
1.960844165,O=C(NC(=O)c1c(F)cccc1F)Nc1ccc(Cl)cc1
2.818275729,CCCSP(=S)(OCC)Oc1ccc(SC)cc1
1.910613201,CCC(=O)OC1CC(=O)OC(C)CC=CC=CC(O)C(C)CC(CC=O)C(OC2OC(C)C(OC3CC(C)(O)C(OC(=O)CC)C(C)O3)C(N(C)C)C2O)C1OC
2.586776667,COc1cc(OC)c(C(=O)CCCN2CCCC2)c(OC)c1
2.46580847,O=C1CCCC(=O)C1C(=S)Nc1ccc(Cl)cc1
6.158994122,COc1cc2cc(c1Cl)N(C)C(=O)CC(OC(=O)C(C)N(C)C(C)=O)C1(C)OC1C(C)C1CC(O)(NC(=O)O1)C(OC)C=CC=C(C)C2
2.58278036,O=C(Cn1c(=O)sc2ccc(Cl)cc21)N1CCN(CCO)CC1
2.511118329,NC(=O)c1ccccc1NCCN1CCN(c2ccccc2)CC1
2.615462906,O=C1NC(c2ccccc2)N(CCN2CCN(c3ccccc3)CC2)c2ccccc21
2.662154604,Cc1ccc2c(c1)C13CCCCC1C(C2)N(C)CC3
3.350029192,CN1C(C(=O)Nc2ccccn2)=C(O)c2ccccc2S1(=O)=O
3.012623789,O=C(O)CCC(=O)c1ccc(-c2ccccc2)cc1
3.569432223,Cc1ccc(OCC(O)CNC(C)(C)C)c2oc(=O)ccc12
1.778711852,CC(C)=C/C(C)=N/Nc1nncc2ccccc12
1.796742797,CCCCCCCCCCCCNCCNCCNCC(=O)O
2.004774781,O=C(O)c1ccc(NC(=O)C(Cc2ccc(O)cc2)NC(=O)c2ccccc2)cc1
2.518280741,CN(C)C1C(=O)C(C(=O)NCN2CCCC2C(=O)O)C(=O)C2(O)C(O)=C3C(=O)c4c(O)cccc4C(C)(O)C3CC12
2.657186169,CC1OC(OCC2OC(O)C(OS(=O)(=O)O)C(OS(=O)(=O)O)C2OS(=O)(=O)O)C(OS(=O)(=O)O)C(OS(=O)(=O)O)C1O
1.520696588,OCC1=CC(NC2CC(CO)C(OC3OC(CO)C(O)C(O)C3O)C(O)C2O)C(O)C(O)C1O
1.061207365,C=Cc1ccccc1S(=O)(=O)O
2.738144671,CCOC(=O)C1=CN(CCCN(C)C)c2ccccc2S1
2.586117315,CC[N+](C)(C)Cc1ccco1
1.667945808,CCOC(=O)OC(C)OC(=O)C1N2C(=O)C(NC(=O)C(N)c3ccccc3)C2SC1(C)C
2.231050131,CCN(CC)C(=O)NC1CC2c3cccc4[nH]cc(c34)CC2N(C)C1
2.754927296,O=C(O)C1=C[C+](/C=C/n2c(C(=O)O)cc3cc(O)c(O)cc32)CC(C(=O)O)N1
2.593096101,NCCCC(N)CC(=O)NC1CNC(=O)C(C2CC(O)N=C(N)N2)NC(=O)C(C=NC(N)=O)NC(=O)C(CO)NC(=O)C(CO)NC1=O
1.90606497,COc1cc(NS(=O)(=O)c2ccc(N)cc2)ncn1
5.074751631,COc1ccc2c(=O)c(C)c(C)oc2c1CN(C)C
3.025620351,CC1=C(CC(=O)O)c2cc(F)ccc2C1=Cc1ccc(S(C)=O)cc1
5.566107374,CCCN(CCCl)CCCl
1.819513222,CC(Cc1ccc(O)c(O)c1)(NN)C(=O)O
2.521564828,CCOc1c(N2CCOCC2)cnn(C)c1=O
1.672401655,O=C(CCl)CC(=O)Nc1ccccc1
1.848198881,NC(=O)c1cn(CCO)nc1[N+](=O)[O-]
2.208011149,NC(CCOc1ccc(C(=NO)C(=O)NC2CN(C(C(=O)O)c3ccc(O)cc3)C2=O)cc1)C(=O)O
2.589117679,CC1(C)C(C(=O)OC(C#N)c2cccc(Oc3ccccc3)c2)C1(C)C
2.767181208,CC(=O)c1cc2cccc(OCC(O)CNC(C)C)c2o1
1.843589407,CCOC(=O)C1=C(C)NC(C)=C(C(=O)OC)C1c1cccc([N+](=O)[O-])c1
2.060089262,CCCN(CC(C)O)N=O
2.531521091,CCCN(CC(C)=O)N=O
2.210822219,NCCC(O)C(=O)NC1CC(N)C(OC2OC(CN)C(O)C(O)C2O)C(O)C1OC1OC(CO)C(O)C(N)C1O
2.080563358,CC1(C)SC2C(NC(=O)C(N)c3ccccc3)C(=O)N2C1C(=O)OC1OC(=O)c2ccccc21
1.836140483,CCc1cc2c(s1)-n1c(C)nnc1CN=C2c1ccccc1Cl
3.352449888,Cc1nc(-c2ccccc2)c(C)[nH]1
3.132094849,COc1cc(C2c3cc4c(cc3C(OC3OC5COC(c6ccccc6)OC5C(O)C3O)C3COC(=O)C23)OCO4)cc(OC)c1O
2.716527521,CC(C(=O)O)c1ccc(C(=O)c2cccs2)cc1
3.669881933,O=C(CCNP(=O)(Oc1ccc(OP(=O)(NCCC(=O)c2cccnc2)N2CC2)cc1)N1CC1)c1cccnc1
1.467846766,O=C(Cn1cnnn1)NC1C(=O)N2C(C(=O)O)=C(CSc3nncs3)CSC12
2.067298736,CCCSP(=O)(OCC)Oc1ccc(Br)cc1Cl
3.40534636,CCc1cccc2c3c([nH]c12)C(CC)(CC(=O)O)OCC3
3.110739312,CC(C(=O)OCCCS(=O)(=O)O)c1ccc(-c2ccccc2)cc1
3.210661151,CC[Ge]1(CC)CCC2(CCN(CCCN(C)C)C2)CC1
5.200009014,CCC(=O)N(c1ccccc1)C1CC(C)N(CCc2ccccc2)CC1C
1.52794552,CC1(C)SC2C(NC(=O)C(NC(=O)N3CCN(S(C)(=O)=O)C3=O)c3ccccc3)C(=O)N2C1C(=O)O
3.232912727,Cc1ccccc1OC(CC[N+]1(C)CCCCC1C)c1ccccc1
2.393645387,CC1CCCC[N+]1(C)CCC(Oc1ccccc1Cl)c1ccccc1
2.490528731,CC(C)(C)NCC(O)COc1cccc2c1CC(O)C(O)C2
2.564174579,Cc1ccccc1OCC(O)CN1C(C)(C)CCC1(C)C
1.536066749,CN(C(=O)NC(C)(C)c1ccccc1)c1ccccc1
1.35848879,COc1ccc2cc(CCC(C)=O)ccc2c1
2.913275256,CC(CCc1ccc(O)cc1)NCCc1ccc(O)c(O)c1
2.403176807,CN1CCN(CCC=C2c3ccccc3Sc3ccc(S(=O)(=O)N(C)C)cc32)CC1
2.938414641,O=C(CN1CCCCC1)N1CCOc2ccccc21
1.657288961,CC1=C(C(=O)O)N2C(=O)C(NC(=O)C(N)c3ccc(O)cc3)C2SC1
1.764035581,CC(C)OC(=O)C(C(=O)OC(C)C)=C1SCCS1
6.118573381,CC(=O)OC1CC2CCC3C(CCC4(C)C3CC(OC(C)=O)C4[N+]3(C)CCCCC3)C2(C)CC1[N+]1(C)CCCCC1
2.576742053,CC(C)(C)c1ccc(C(O)CCCN2CCC(C(O)(c3ccccc3)c3ccccc3)CC2)cc1
5.508463549,CC(=O)OC1CC2CCC3C(CCC4(C)C3CC([N+]3(C)CCCCC3)C4OC(C)=O)C2(C)CC1N1CCCCC1
7.21192254,CCOP(C)(=O)SCCN(C(C)C)C(C)C
2.509821925,Cc1cccc(N(C)C(=S)Oc2ccc3c(c2)C2CCC3C2)c1
2.248371329,CC(C)C(=O)c1c(C(C)C)nn2ccccc12
1.834453375,NC(=O)C1N=CN(C2OC(CO)C(O)C2O)C1=O
2.463369666,CCN(CC)CCNC(=O)c1cc(S(C)(=O)=O)ccc1OC
3.539836336,CC(=O)OCC(=O)C12OC3(CCCC3)OC1CC1C3CCC4=CC(=O)C=CC4(C)C3(F)C(O)CC12C
2.233609148,O=C(COCCOCCOCC(=O)Nc1c(I)cc(I)c(C(=O)O)c1I)Nc1c(I)cc(I)c(C(=O)O)c1I
1.421410348,COC(c1cc(C)c(O)c(C)c1)C(C)CO
3.580229091,COCC1OC2OC3C(COC)OC(OC4C(COC)OC(OC5C(COC)OC(OC6C(COC)OC(OC7C(COC)OC(OC8C(COC)OC(OC1C(O)C2OC)C(OC)C8O)C(OC)C7O)C(OC)C6O)C(OC)C5O)C(OC)C4O)C(OC)C3O
1.498768351,CCc1cccc(C)c1N(C(=O)CCl)C(C)COC
1.493949926,CCCOCCN(C(=O)CCl)c1c(CC)cccc1CC
3.396831683,CC(C(=O)O)c1ccc2oc(-c3ccc(Cl)cc3)nc2c1
4.210750702,CC(CNC(=O)c1ccccc1)C(=O)OCC(=O)C12OC(c3ccc(N(C)C)cc3)OC1CC1C3CCC4=CC(=O)C=CC4(C)C3(F)C(O)CC12C
1.386690358,COC1=C(C(=O)O)N2C(=O)C(NC(=O)C(N)C3=CCC=CC3)C2SC1
2.175911565,CC(C)(C)NCC(O)COc1cccc2c1CCC(=O)N2
3.269611,O=C(NC=CP(=O)(Cl)Cl)Nc1ccccc1
2.578694487,CNCC1CCC(N)C(OC2C(N)CC(N)C(OC3OCC(C)(O)C(NC)C3O)C2O)O1
1.982893537,NC(=O)c1cc[n+](CC2=C(C(=O)O)N3C(=O)C(NC(=O)C(c4ccccc4)S(=O)(=O)O)C3SC2)cc1
3.640648823,O=P(OP(=O)(N1CC1)N1CC1)(OS(=O)(=O)OP(=O)(OP(=O)(N1CC1)N1CC1)N1CC1)N1CC1
3.801125526,O=P(C(=Nc1ccc(N=C(N2CC2)P(=O)(N2CC2)N2CC2)cc1)N1CC1)(N1CC1)N1CC1
1.762086433,CC12CCC3c4ccc(OC(=O)N(CCCl)CCCl)cc4CCC3C1CCC2OP(=O)(O)O
6.121284043,CC(=O)OC1CC2CCC3C(CCC4(C)C3CC(N3CC[N+](C)(C)CC3)C4OC(C)=O)C2(C)CC1N1CC[N+](C)(C)CC1
3.159079692,C[N+](C)(C)CC1CCCO1
2.90486816,CCC(=O)N(c1ccccn1)C(C)CN1CCCCC1
4.089232371,O=C1NP(N2CC2)(N2CC2)(N2CC2)NC(=O)c2cccc(c2)C(=O)NP(N2CC2)(N2CC2)(N2CC2)NC(=O)c2cccc1c2
3.695197653,CC(C(=O)O)c1ccc2c(c1)Cc1cccnc1O2
1.464415022,CC(Oc1ccc2ccccc2c1)C(=O)Nc1ccccc1
1.772959253,CC1(C)C(C=C(Cl)Cl)C1C(=O)OCc1cccc(Oc2ccccc2)c1
3.00994774,CCCC(=O)N1CCCN(c2nc(N)c3cc(OC)c(OC)cc3n2)CC1
5.070455871,CC(=O)C1(O)Cc2c(O)c3c(c(O)c2C(OC2CC(N)C(O)C(C)O2)C1)C(=O)c1c(O)cccc1C3=O
3.764408943,CC1OC(CC(=O)O)CC2=C1C(=O)c1c(O)cccc1C2=O
3.948879777,CCCC(=O)OC(C(Cl)(Cl)Cl)P(=O)(OCC)OCC
2.519912026,CCN(CC)C(=O)COc1cc2c(O)c3c(O)c(C)c4c(c13)C(=O)C(C)(OC=CC(OC)C(C)C(OC(C)=O)C(C)C(O)C(C)C(O)C(C)C=CC=C(C)C(=O)N2)O4
3.207168114,CC(=O)OCC1OC(OP(=O)(O)N(CCCl)C(CCl)c2ccccc2)C(OC(C)=O)C(OC(C)=O)C1OC(C)=O
2.669920939,COC12CCC3(CC1C(C)(O)C(C)(C)C)C1Cc4ccc(O)c5c4C3(CCN1CC1CC1)C2O5
4.165596434,COc1ccc2c(c1)c(CC(=O)OCC(=O)O)c(C)n2C(=O)c1ccc(Cl)cc1
3.782587347,CN(C)C(=O)C(CCN1CCC(O)(c2ccc(Cl)cc2)CC1)(c1ccccc1)c1ccccc1
2.830752067,CCC(C)C(C#N)(CCN1CCCCC1)c1ccccc1
2.480774068,CNC(C)C(O)c1ccccc1
1.168890155,CCCCCCOc1ccccc1C(N)=O
3.014814449,CCN(CC)CCOC(=O)CC(O)(c1ccccc1)c1ccccc1
2.79370708,CCN1CCCC1CNC(=O)c1cc(S(=O)(=O)CC)ccc1OC
1.511051392,CC(O)CN(CC(C)O)N=O
3.158551344,CC(C(=O)O)c1ccc2c(c1)[nH]c1ccc(Cl)cc12
2.656642334,CCN(CC)C(=O)CN1C(C)(C)CCC1(C)C
2.705162848,CCN(CC)C(=O)CN1C(C)(C)C=CC1(C)C
2.657359807,CCN(CC)C(=O)CN1C(C)(C)CCCC1(C)C
2.74827706,CC(NC(=O)CN1C(C)(C)CCCC1(C)C)c1ccccc1
2.599564951,CC1(C)CCCC(C)(C)N1CC(=O)NCc1ccco1
2.700380114,CC1(C)CCCC(C)(C)N1C(=O)CNCc1ccccc1
2.439278134,CN(CC(=O)N1C(C)(C)CCCC1(C)C)Cc1ccccc1
2.589179435,CCN(CC)CC(=O)N1C(C)(C)C=CCC1(C)C
2.73339439,CCCCC1=CC(C)(C)N(C(=O)CN(CC)CC)C(C)(C)C1
2.833209463,CCCCC1=CC(C)(C)N(C(=O)CN2CCCC2)C(C)(C)C1
2.445158649,CCCCC1=CC(C)(C)N(C(=O)CN2CCCCC2)C(C)(C)C1
2.483065753,CCCCC1=CC(C)(C)N(C(=O)CN2CCCCCC2)C(C)(C)C1
2.438181961,CCCCC1=CC(C)(C)N(C(=O)CN(C)Cc2ccccc2)C(C)(C)C1
2.86498257,CN(C)CC(=O)N1C(C)(C)C=C(c2ccccc2)CC1(C)C
2.86332286,CCN(CC)CC(=O)N1C(C)(C)C=C(c2ccccc2)CC1(C)C
2.720655357,CCCCNCC(=O)N1C(C)(C)C=C(c2ccccc2)CC1(C)C
2.659577756,CC1(C)C=C(c2ccccc2)CC(C)(C)N1C(=O)CN1CCOCC1
2.772720116,CN1CCN(CC(=O)N2C(C)(C)C=C(c3ccccc3)CC2(C)C)CC1
2.851739535,CCN(CC)C(=O)CN1C(C)(C)CC(c2ccccc2)CC1(C)C
3.430034722,CN1CCC2c3ccccc3C(C)(C)C2C1
2.671240744,CN1CCN(CC(=O)N2C(C)(C)CCCC2(C)C)CC1
2.029272345,COc1ccc(C=CC(=O)Nc2ccccc2C(=O)O)cc1OC
1.679845636,CC(=O)c1ccc2oc3ncccc3c(=O)c2c1
3.016362377,N#CCCC1CS1
3.293829592,CCC(=O)N(c1cccnc1)C(C)CN1CCCCC1
3.209508707,CCC(=O)N(c1ccncc1)C(C)CN1CCCCC1
3.081321799,CCC(=O)N(c1ncccc1C)C(C)CN1CCCCC1
2.970171347,CCC(=O)N(c1cc(C)ccn1)C(C)CN1CCCCC1
2.970171347,CCC(=O)N(c1ccc(C)cn1)C(C)CN1CCCCC1
2.762563037,CCC(=O)N(c1cccc(C)n1)C(C)CN1CCCCC1
2.864627088,CC(CN1CCCCC1)N(C(=O)C1CCCCC1)c1ccccn1
2.965725684,CC(CN1CCCCC1)N(C(=O)c1ccccc1)c1ccccn1
3.011283933,CCC(=O)N(c1ccccn1)C(C)(C)CN1CCCCC1
3.160503045,CCC(=O)N(c1ccccn1)C(C)C(C)N1CCCCC1
2.468589153,CCC(=O)N(c1ccccn1)C(C)CN(C)C
2.864288537,CCC(=O)N(c1ccccn1)C(C)CN(CC)CC
3.561457681,CCCN(CCC)CC(C)N(C(=O)CC)c1ccccn1
3.534768677,CCC(=O)N(c1ccccn1)C(C)CN(C)CCc1ccccc1
4.229788036,CCC(=O)N(c1ccccn1)C(C)CN(C)C(C)Cc1ccccc1
2.83828375,CCC(=O)N(c1ccccn1)C(C)CN1CCCCCC1
3.444660644,CCC(=O)N(c1ccccn1)C(C)CN1CCCCCCC1
3.391122557,CCC(=O)N(c1ccccn1)C(C)CN1CCCCCCCC1
3.154037003,CCC(=O)N(c1ccccn1)C(C)CN1CCCCC1C
3.199081951,CCC(=O)N(c1ccccn1)C(C)CN1CCCC(C)C1
2.930054124,CCC(=O)N(c1ccccn1)C(C)CN1CCC(C)CC1
4.504525231,CCC(=O)N(c1ccccn1)C(C)CN1CCC(c2ccccc2)CC1
4.386821074,CCC(=O)N(c1ccccn1)C(C)CN1CCC(Cc2ccccc2)CC1
3.526152869,CCC(=O)N(c1ccccn1)C(C)CN1CCCC(C)(C)C1
2.88002715,CCC(=O)N(c1ccccn1)C(C)CN1CCC(C)(C)CC1
3.081252228,CCC(=O)N(c1ccccn1)C(C)CN1CCC(C)=C(C)C1
3.378283421,CCC(=O)N(c1ccccn1)C(C)CN1CCCCCC1C
3.19205253,CCC(=O)N(c1ccccn1)C(C)CN1CCCCC(C)C1
3.300315143,CCC(=O)N(c1ccccn1)C(C)CN1CCCCCC1(C)C
3.587898415,CCC(=O)N(c1ccccn1)C(C)CN1CCCCC(C)(C)C1
3.135736744,CCC(=O)N(c1ccccn1)C(C)CN1CC2CC2C1
3.226339206,CCC(=O)N(c1ccccn1)C(C)CN1CC2(C)CC2(C)C1
3.305673746,CCC(=O)N(c1ccccn1)C(C)CN1CCc2ccccc2C1
2.85947305,CCC(=O)N(c1ccccn1)C(C)CN1CCCC1(C)C
2.630142998,CCC(=O)N(c1ccccn1)C(C)CN1CCOCC1
2.272681364,CCC(=O)N(c1ccccn1)C(C)CN1CCN(C)CC1
3.823183423,CCC(=O)N(CC(C)N(C)CCc1ccccc1)c1ccccn1
3.194285412,CCC(=O)N(CC(C)N1CCCC(C)(C)C1)c1ccccn1
3.285441782,CCCC(=O)N(c1ccccn1)C(C)CN1CCCCC1
2.56309913,O=S(=O)(OCC1OC(OC2(COS(=O)(=O)O[Al](O)O)OC(COS(=O)(=O)O[Al](O)O)C(OS(=O)(=O)O[Al](O)O)C2OS(=O)(=O)O[Al](O)O)C(OS(=O)(=O)O[Al](O)O)C(OS(=O)(=O)O[Al](O)O)C1OS(=O)(=O)O[Al](O)O)O[Al](O)O
4.341797933,CCC(=O)N(c1cc(-c2ccccc2)ccn1)C(C)CN1CCCCC1
3.424221083,CC(C)(C)NCC(O)c1cc(Cl)c(N)c(C(F)(F)F)c1
3.223036153,CC(CN1CCCCC1)N(C=O)c1ccccn1
3.529571224,CCC(=O)N(c1ccccn1)C(C)CN(C)Cc1ccccc1
2.764041562,CCC(=O)N(c1ccccn1)C(C)CN1CCCC1
3.586947192,CN1CCC23c4c5ccc(O)c4OC2C([N-][N+]#N)CCC3(O)C1C5
2.549603988,CCOC(=O)C=C(C)C=CC=C(C)C=Cc1c(C)cc(OC)c(C)c1C
2.521463009,C=C(C)CNc1ccc(C(C)C(=O)O)cc1
2.898345875,COC(=O)C1=C(C)NC(C)=C(C(=O)OCCN(C)Cc2ccccc2)C1c1cccc([N+](=O)[O-])c1
2.405341703,COc1cc(C(=O)N(C)C)nn1-c1cccc(Cl)c1
1.579293514,CNC(=O)c1cc(OC)n(-c2cccc(Cl)c2)n1
2.113394355,CCCCCCCCNC(C)C(O)c1ccc(SC(C)C)cc1
2.631855094,CN1CCC2(C)CC(Cc3ccc(O)cc32)C1
3.31399229,COc1ccc(NC(=O)NC=CP(=O)(Cl)Cl)cc1
3.311212598,Cc1ccc(NC(=O)NC=CP(=O)(Cl)Cl)c(C)c1
3.316759889,COc1cnc(NC(=O)NC=CP(=O)(Cl)Cl)nc1
3.320157368,O=C(NC=CP(=O)(Cl)Cl)Nc1ccc(Cl)cc1
3.431319796,O=C(NC=CP(=O)(Cl)Cl)Nc1ccc(I)cc1
2.745792814,Cc1ccc(NC(=O)NC=CP(=O)(N2CC2)N2CC2)cc1
3.332175784,COc1ccc(NC(=O)NC=CP(=O)(N2CC2)N2CC2)cc1
2.329510422,Cc1ccc(NC(=O)NC=CP(=O)(N2CC2)N2CC2)c(C)c1
3.037059783,O=C(NC=CP(=O)(N1CC1)N1CC1)Nc1ccc(Cl)cc1
2.870608713,O=C(NC=CP(=O)(N1CC1)N1CC1)Nc1ccc(Br)cc1
2.54217682,O=C(NC=CP(=O)(N1CC1)N1CC1)Nc1ccc(I)cc1
1.944142012,Clc1ccccc1CN1CCc2sccc2C1
2.957323866,CCCn1cnc2c1c(=O)n(CCCCC(C)=O)c(=O)n2C
1.290609115,O=C(C1CCCCC1)N1CC(=O)N2CCc3ccccc3C2C1
2.052036516,C=CC1(C)CC(OC(=O)CSCCN(CC)CC)C2(C)C(C)CCC3(CCC(=O)C32)C(C)C1O
4.010599229,CCCCOC(=O)N(CC)N=O
2.735011578,CC(C)NCC(O)COc1cccc2cc(C(C)O)oc12
3.651775188,Cc1ncc(CNC(=O)N(CCCl)N=O)c(N)n1
3.375490428,O=C(O)Cc1ccc2c(c1)OCc1ccccc1C2=O
2.621683181,CCCCCCCCCCCCCCCCCCCCCC(=O)Nc1ccn(C2OC(CO)C(O)C2O)c(=O)n1
2.517803892,NS(=O)(=O)c1cc(C(=O)O)cc(N2CCCC2)c1Oc1ccccc1
2.854828227,CC(C(=O)O)c1ccc(-c2cn3ccccc3n2)cc1
2.617257378,CN(C)C(=O)Nc1cc(C(C)(C)C)on1
2.72657566,C=C1C(=CC=C2CCCC3(C)C2CCC3C(C)CCC(O)C(C)(C)O)CC(O)CC1O
1.730787657,CC1OC(OC2C(CO)OC(OC(C(O)CO)C(O)C(O)C=O)C(O)C2O)C(O)C(O)C1NC1C=C(CO)C(O)C(O)C1O
2.44413545,COc1ccc(OCC2CN(C)CCC2c2ccccc2)cc1
1.627766165,CON=C(C(=O)NC1C(=O)N2C(C(=O)O)=C(COC(N)=O)CSC12)c1ccco1
2.536855937,Cc1ccccc1-n1c(CF)nc2ccc(N)cc2c1=O
3.672021465,N#[N+][N-]C1CCC2C3Cc4ccc(O)c5c4C2(CCN3CC2CC2)C1O5
2.865480953,CC1C2Cc3ccc(O)cc3C1(C)CCN2CCCC(=O)c1ccc(F)cc1
4.442836874,COc1cccc2c1C(=O)c1c(O)c3c(c(O)c1C2=O)CC(O)(C(=O)CO)CC3OC1CC(N)C(O)C(C)O1
3.387861243,CC(C(=O)O)c1ccc(-c2ccccc2)c(F)c1
2.814604354,CC(C)(C)NCC(O)c1ccccc1Cl
1.576614052,COC1(NC(=O)CSCC#N)C(=O)N2C(C(=O)O)=C(CSc3nnnn3C)CSC21
2.723762172,CCc1ccc(C(=O)C(C)CN2CCCCC2)cc1
3.723025269,CC(=O)OCN(C)N=O
3.476366028,C=CCN1CCC23c4c5ccc(O)c4OC2C([N-][N+]#N)CCC3C1C5
3.007659477,COc1ccc(CCN(C)CCCC2(c3ccc(OC)c(OC)c3)S(=O)(=O)CCCS2(=O)=O)cc1OC
1.779785462,COP(=S)(OC)Oc1c(Cl)cc(C)cc1Cl
2.328260948,O=C(O)C1N=C(c2ccccc2)c2cc(Cl)ccc2NC1=O
3.036456198,CCCN(CCC)C(=O)C(Cc1ccc(OCCN(CC)CC)cc1)NC(=O)c1ccccc1
3.408706242,c1ccc(CC(c2ccccc2)N2CCN(C3CCCCC3)CC2)cc1
6.619767217,C=C1C(=CC=C2CCCC3(C)C2CCC3C(C)CCC(O)C(C)C)CC(O)CC1O
2.701841579,CCN(CC)C(=O)Nc1ccc(OCC(O)CNC(C)(C)C)c(C(C)=O)c1
3.342813835,CC(C(=O)O)c1cccc(C(=O)c2ccccc2)c1
2.184384543,O=C(CCCN1CCC(n2c(=S)[nH]c3ccccc32)CC1)c1ccc(F)cc1
2.842600046,CCc1nn(CCCN2CCN(c3cccc(Cl)c3)CC2)c(=O)n1CC
2.048752458,CC(=O)OCC(=O)C1(OC(C)=O)CCC2C3CC(F)C4=CC(=O)C(Br)=CC4(C)C3(F)C(O)CC21C
1.953785324,O=C(O)C1CCCCC1(O)c1ccccc1
1.726238047,O=c1[nH]c2ccccc2n1CCCN1CCC(n2c(=O)[nH]c3cc(Cl)ccc32)CC1
2.774779505,Cc1ccc2c(c1)C1CN(CCCC(=O)c3ccc(F)cc3)CCC1N2
1.864629725,Cc1ccc(S(=O)(=O)Oc2c(C(=O)c3ccc(Cl)cc3Cl)c(C)nn2C)cc1
1.529486819,COC1=C(OC)C(=O)C(CCCCCCCCCCO)=C(C)C1=O
1.649806873,COCC(=O)Nc1cc(Sc2ccccc2)ccc1NC(=NC(=O)OC)NC(=O)OC
2.982755021,CCCOC(=O)c1sc(C(=O)OCCC)c(O)c1O
3.741436549,CN1CCCC(n2nc(Cc3ccc(Cl)cc3)c3ccccc3c2=O)CC1
5.229925465,CC(=O)C1(O)Cc2c(O)c3c(c(O)c2C(OC2CC(N)C(O)C(C)O2)C1)C(=O)c1ccccc1C3=O
2.210329787,CC(C)CC(NC(=O)C(O)C(N)Cc1ccccc1)C(=O)O
2.099465397,O=C1CN2CCOC2(c2ccccc2F)c2cc(Br)ccc2N1
4.566007563,CCCCC(=O)OCC(=O)C1C(C)CC2C3CC(F)C4=CC(=O)C=CC4(C)C3(F)C(O)CC21C
1.75048371,CCCCCCCCCCCCN1CCCCCC1=O
2.549931291,Nc1nc(=O)c2ncn(COCCO)c2[nH]1
1.481961179,CN1CCN(CCC(=O)c2ccc3c(c2)oc(=O)n3C)CC1
2.271119394,CCc1cccc2cc(C(O)CNC(C)(C)C)oc12
1.769481389,CCN1CCN(C(=O)NC(C(=O)NC2C(=O)N3C2SC(C)(C)C3C(=O)O)c2ccccc2)C(=O)C1=O
3.477522275,CCOP(=O)(OCC)N(CC)P(=O)(N(C)C)N(C)C
3.258608964,CN1C(C(=O)Nc2ccccn2)=C(O)c2sccc2S1(=O)=O
3.623767806,CC=CCC(C)C(O)C1C(=O)NC(CC)C(=O)N(C)CC(=O)N(C)C(CC(C)C)C(=O)NC(C(C)C)C(=O)N(C)C(CC(C)C)C(=O)NC(C)C(=O)NC(C)C(=O)N(C)C(CC(C)C)C(=O)N(C)C(CC(C)C)C(=O)N(C)C(C(C)C)C(=O)N1C
5.62448433,CCC1(O)CC2CN(CCc3c([nH]c4ccccc34)C(C(=O)OC)(c3cc4c(cc3OC)N(C)C3C(O)(C(N)=O)C(O)C5(CC)C=CCN6CCC43C65)C2)C1
1.761010193,CC(C)OC(=O)C(C(=O)OC(C)C)=C1SC=CS1
2.498031965,CN1CCN(C2=NS(=O)(=O)c3cc(Cl)ccc3N2)CC1
1.200274122,CC(O)C(=O)Nc1c(I)c(C(=O)NC(CO)CO)c(I)c(C(=O)NC(CO)CO)c1I
1.754762553,O=C1NC(=O)C(c2ccc(O)cc2)(c2ccc(O)cc2)N1
5.773279838,CC[N+](C)(CC)c1cccc(OC(=O)NC)c1
3.145348394,CN(C)CC=C(c1ccc(Br)cc1)c1cccnc1
1.540331245,CC(N/C(=N\c1ccncc1)NC#N)C(C)(C)C
2.966532813,COc1nn(-c2ccccc2OC)c(=O)o1
3.199088418,CC(=O)CN(CC(C)=O)N=O
1.976771686,O=c1[nH]c2ccccc2n1CCCN1CCN(C(c2ccccc2)c2ccccc2)CC1
1.491921713,c1ccc(-c2ccc(C(c3ccccc3)n3ccnc3)cc2)cc1
3.096219225,Nc1cc(-c2ccncc2)c[nH]c1=O
3.006552797,CCOC(=O)C1(c2ccccc2)CCN(CCC(=O)c2ccccc2)CC1
1.729605343,O=C1NC(=O)C(c2ccccc2)(c2ccccc2O)N1
2.154477335,O=C(O)C1C(=CCO)OC2CC(=O)N21
3.566363237,N#[N+][N-]C1CCC2(O)C3Cc4ccc(O)c5c4C2(CCN3CC2CC2)C1O5
1.997558932,Clc1ccc(CSC(Cn2ccnc2)c2ccc(Cl)cc2Cl)cc1
1.65969163,CC1(C)SC2C(NC(=O)C(N)c3ccc(O)cc3)C(=O)N2C1C(=O)O
2.995407358,CCCCCCNC(=O)n1cc(F)c(=O)[nH]c1=O
1.145636982,CC(C)(SC(=O)N1CCCCC1)c1ccccc1
1.64390253,CCC1(c2ccc(O)cc2)NC(=O)NC1=O
3.026793641,Nc1c(CC(=O)O)cccc1C(=O)c1ccccc1
2.720260881,CNCCCCOc1ccccc1Cc1ccccc1
2.521225511,CN(C)C(=O)SCCCCOc1ccccc1
1.327536022,Cc1c(Cl)cc(-c2ccc(=O)[nH]n2)cc1Cl
1.730836088,CCN1CCN(C(=O)NC(C(=O)NC2C(=O)N3C(C(=O)O)=C(CSc4nnnn4C)CSC23)c2ccc(O)cc2)C(=O)C1=O
2.508698765,CCC(NC(C)C)C(O)c1ccc(O)c2[nH]c(=O)ccc12
3.485708811,CCC(=O)OC1(c2ccccc2)CCN(C)CC1CC
3.07971527,CSCCC(NC(=O)C(N)Cc1ccc(O)cc1)C(=O)NCC(=O)NC(Cc1ccccc1)C(=O)N1CCCC1C(N)=O
2.310891786,Oc1ccccc1
2.81155103,C[N+]1(CCF)C2CCC1CC(OC(=O)C(O)(c1ccccc1)c1ccccc1)C2
2.897802294,CC(C)NCC(O)COc1ccc(CCOCC2CC2)cc1
2.760641687,COC(=O)C1=C(C)NC(C)=C(C(=O)OCC(C)C)C1c1ccccc1[N+](=O)[O-]
2.649987894,Cn1c(=O)sc2cccc(Cl)c21
2.948418788,CN(CCCN1c2ccccc2Sc2ccc(Cl)cc21)C1CCCC1
2.745792814,Cc1ccccc1NC(=O)NC=CP(=O)(N1CC1)N1CC1
4.827614787,O=C(CC(=O)OCF)OCF
4.212742563,ClCCN(CCCl)CCN(CCCl)CCCl
4.203201851,COc1ccc2c(=O)c(C)c(C)oc2c1CN1CCOCC1
2.4680715,CCN(CC)CCN(CC)c1ccccc1
5.273079516,CCC(C)C(=O)OC1CCC2(C)C3CC(O)C4C5(O)C(CC42OC13O)C1CN2CC(C)CCC2C(C)(O)C1C(O)C5OC(=O)C(C)(O)CC
2.669055907,C=[N+](NC)OCC
4.219519037,CNCC(O)c1ccc(OC(=O)C(C)(C)C)c(OC(=O)C(C)(C)C)c1
3.643856702,CCN(C)C(C)C=C(c1cccs1)c1cccs1
3.495687448,CC(C=C(c1cccs1)c1cccs1)c1ccccn1
6.348880943,CNC(=O)Oc1cc([N+](C)(C)C)ccc1C
2.563047761,CCOC(C)C[N+](C)(C)C
1.016594293,CC(C)=CCCC(C)=CCCC(=CCCC(C)=CCO)CO
1.77721216,CC(O)C1C(=O)N2C(C(=O)O)=C(SCCNC=N)CC12
2.151265632,CCOC(=O)NNc1ccc(N(CC)CC(C)O)nn1
4.24199581,CCCCC(C)(C)C(O)C=CC1C(O)CC(=O)C1CCCCC=CC(=O)OC
2.954102171,Clc1ccc2nsnc2c1NC1=NCCN1
1.393645768,CON=C(C(=O)NC1C(=O)N2C(C(=O)O)=C(COC(C)=O)CSC12)c1csc(N)n1
2.062660072,CC(C)=CCOc1ccc(C=CC(=O)c2ccc(OCC=C(C)C)cc2OCC(=O)O)cc1
2.310039574,CON=C(C(=O)NC1C(=O)N2C(C(=O)OC(C)OC(C)=O)=C(COC(N)=O)CSC12)c1ccco1
2.327210008,CC(C)Cc1ccc(C(C)C(=O)OCc2ccccn2)cc1
2.967991892,O=C(O)c1ccccc1Nc1cc(Cl)ccc1C(=O)O
1.762161536,COC1(NC(=O)C(C(=O)O)c2ccc(O)cc2)C(=O)N2C(C(=O)O)=C(CSc3nnnn3C)COC21
2.309948998,CC(C)(S)C(=O)NC(CS)C(=O)O
3.050299024,C1=Cc2cccc(OCC3CNCCO3)c2C1
2.24546537,O=C(NCCO[N+](=O)[O-])c1cccnc1
5.348388693,CCCSP(C)(=O)OCC
4.966072328,CCOP(C)(=S)OC(C)CC
4.968414548,CCCSP(C)(=O)OC1CCCC1
4.851728455,CCOP(C)(=O)SC(C)C
4.907497351,O=C1c2c(O)ccc(O)c2C(=O)c2c(NCCNCCO)ccc(NCCNCCO)c21
2.345242998,CC(=O)N1CCN(c2ccc(OCC3COC(Cn4ccnc4)(c4ccc(Cl)cc4Cl)O3)cc2)CC1
1.720690059,CN(C)CCn1nnnc1SCC1=C(C(=O)O)N2C(=O)C(NC(=O)Cc3csc(N)n3)C2SC1
1.509624511,CC(C)Oc1cccc(NC(=O)c2ccccc2C(F)(F)F)c1
2.267048811,CN=C(C[N+](=O)[O-])NCCSCc1ccc(CN(C)C)o1
2.122016506,CCOC(=O)C(C)Oc1ccc(Oc2nc3ccc(Cl)cc3s2)cc1
1.359598357,O=CN(O)CCCP(=O)(O)O
2.161422183,CCC(=O)OCC(=O)C1(OC(=O)CC)C(C)CC2C3C(Cl)CC4=CC(=O)C=CC4(C)C3C(O)CC21C
2.560902485,CC(C(O)c1ccccc1)N(C)CCC#N
3.012411998,N=C(N)NCC(O)CC(O)(C(=O)O)C1OC(n2cc(CO)c(N)nc2=O)C=CC1NC(=O)C(N)CO
6.03785001,CC(C)=CC(=O)OC1CCC2(C=O)C3CCC4(C)C(c5ccc(=O)oc5)CCC4(O)C3CCC2(O)C1
3.74953265,COC1OC(OC(c2cnc[nH]2)C(NC(=O)c2nc(C(CC(N)=O)NCC(N)C(N)=O)nc(N)c2C)C(=O)NC(C)C(O)C(C)C(=O)NC(C(=O)NCCc2nc(-c3nc(C(=O)NCCC[S+](C)C)cs3)cs2)C(C)O)C(OC2OC(OC)C(O)C(OC(N)=O)C2O)C(O)C1O
2.225120999,CNC1C(O)C(OC2C(NC(=O)C(O)CN)CC(N)C(OC3OC(CN)C(O)C(O)C3O)C2O)OCC1(C)O
1.564132039,CC(C)COCC(CN(Cc1ccccc1)c1ccccc1)N1CCCC1
2.360665041,NS(=O)(=O)Cc1noc2ccccc12
2.328522306,CC(C)c1ccc2oc3nc(N)c(C(=O)O)cc3c(=O)c2c1
1.798491812,CON(C)C(=O)Nc1ccc(OCCc2ccc(C)cc2)cc1
2.570020772,CC(C)(C)NCC(O)CSc1nc(-c2ccc(C(N)=O)s2)cs1
1.632119575,CON=C(C(=O)NC1C(=O)N2C(C(=O)O)=CCSC12)c1csc(N)n1
1.839794697,CCCOC/C(=N\c1ccc(Cl)cc1C(F)(F)F)n1ccnc1
3.111187704,COc1ccc(CCN2CCC(Nc3nc4ccccc4n3Cc3ccc(F)cc3)CC2)cc1
1.94234711,CCc1ccccc1-c1nnc(-c2cccc(OC)c2)[nH]1
2.682367178,O=[N+]([O-])c1cc2c(ccc3ccccc32)o1
3.12239393,CCCCCCC(=O)OP(OCC)(OCC)=C(O)C(Cl)(Cl)Cl
3.106798099,CCCCCC(=O)OC(C(Cl)(Cl)Cl)P(=O)(OCC)OCC
2.756482696,Cc1cc(O)c2c(c1)OC1(C)CCC3(C)C(C)CCCC34COC2C14
2.655539876,CCOCCOP(=O)(OCC)OCC
3.137449063,CCCCCCCC(=O)OC(C(Cl)(Cl)Cl)P(=O)(OCC)OCC
3.948879777,CCOP(=O)(OCC)C(OC(=O)C(C)C)C(Cl)(Cl)Cl
1.589661092,CC1(C)C(C(=O)O)N2C(=O)CC2S1(=O)=O
2.400468911,CC(C)C(Nc1ccc(C(F)(F)F)cc1Cl)C(=O)OC(C#N)c1cccc(Oc2ccccc2)c1
3.931400656,CCOP(=O)(OCC)C(OC(=O)CC)C(Cl)(Cl)Cl
3.965682546,CCCCC(=O)OC(C(Cl)(Cl)Cl)P(=O)(OCC)OCC
1.760144929,COC1(NC(=O)C2SC(=C(C(N)=O)C(=O)O)S2)C(=O)N2C(C(=O)O)=C(CSc3nnnn3C)CSC21
2.760082115,CN(C)C1C(=O)C(C(N)=O)C(=O)C2(O)C(O)=C3C(=O)c4c(O)cccc4C(C)(O)C3C(O)C12
1.884643589,CCCCOC(=O)C(C)Oc1ccc(Oc2ccc(C(F)(F)F)cn2)cc1
4.049893313,NN(CCCl)CCCl
4.130968661,CCCCC(C)(C)C(O)C=CC1C(C)CC(=O)C1CC=CCCCC(=O)O
1.354799685,CC(C)CCCC1CCC(C)(C(=O)O)CC1
2.567015157,COc1cc2nc(N3CCN(C(=O)C4CCCO4)CC3)nc(N)c2cc1OC
1.83331799,CCCCOC(NC(=O)c1ccccc1O)C(Cl)(Cl)Cl
2.182206301,C=C(C)C(=O)OCCOC(=O)c1ccc2c(c1)C(=O)OC2=O
3.032789084,CN1CCN(c2cc3c(nn2)Oc2ccccc2CN3Cc2ccco2)CC1
3.243868675,CN1CCN(c2cc3c(nn2)Oc2ccccc2CN3c2nccs2)CC1
3.181716956,Cc1ccc(N2Cc3ccccc3Oc3nnc(N4CCN(C)CC4)cc32)cc1
3.19928829,COc1ccc(N2Cc3ccccc3Oc3nnc(N4CCN(C)CC4)cc32)cc1
1.880962392,NC(C(=O)NC1C(=O)N2C(C(=O)O)=C(Cl)CSC12)c1ccccc1
2.482297153,CCc1c(C)nc2ccccn2c1=O
2.589900218,CCc1c(C)nc2cccc(C)n2c1=O
2.421210541,CCc1c(C)nc2cc(C)cc(C)n2c1=O
3.869530662,Cc1c(N)nc(C(CC(N)=O)NCC(N)C(N)=O)nc1C(=O)NC(C(=O)NC(C)C(O)C(C)C(=O)NC(C(=O)NCCc1nc(-c2nc(C(=O)NCCCNC(C)c3ccccc3)cs2)cs1)C(C)O)C(OC1OC(CO)C(O)C(O)C1OC1OC(CO)C(O)C(OC(N)=O)C1O)c1cnc[nH]1
2.255843147,CCCc1c(C)nc2cccc(C)n2c1=O
2.328156622,CCn1cc(C(=O)O)c(=O)c2cc(F)c(N3CCNCC3)cc21
1.573563425,O=c1c2cccnc2oc2c(Cl)cc(-c3nn[nH]n3)cc12
4.923171034,CCCCC(C)CC(O)C=CC1C(O)CC(=O)C1CC(=O)CCCCC(=O)OC
2.421959113,O=S(=O)(O)OC1C(OS(=O)(=O)O)C(OS(=O)(=O)O)C(OS(=O)(=O)O)C(OS(=O)(=O)O)C1OS(=O)(=O)O
5.282171802,CCCCOP(=O)(CC)Oc1ccc([N+](=O)[O-])cc1
2.031078055,CCCC(=O)OC1C(C)OC(OC2C(C)OC(OC3C(CC=O)CC(C)C(O)C=CC=CCC(C)OC(=O)CC(OC(C)=O)C3OC)C(OC(C)=O)C2N(C)C)CC1(C)O
2.901684012,CC1CCCC2N(C)C=C(C(N)=O)C(=O)N12
1.913625428,Cc1nn(C)c(OCC(=O)c2ccccc2)c1C(=O)c1ccc(Cl)cc1Cl
2.557549707,COC1CC(C)(O)Cc2cc3c(c(O)c21)C(=O)c1c(O)cc2c(c1C3=O)OC1OC2(C)C(O)C(N(C)C)C1O
3.291339946,C[N+]12CCCCC1CCC(=C(c1cccs1)c1cccs1)C2
1.802616393,COc1ccc(CCNCC(O)c2ccc(O)cc2)cc1OC
1.647967806,CCCCC(CC)COS(=O)(=O)O
2.473172204,COC1C(O)C(N)C(OC2OC(C(C)N)CCC2N)C(O)C1N(C)C(=O)CN
1.641949789,COc1ccc(C(=O)N2CCCC2=O)cc1
2.098974605,CC(=O)c1ccc2c(c1)C(=O)C1(CC1)O2
2.806472798,CCOC(=O)C1=C(C)NC(C)=C(C(=O)OC)C1c1cccc(Cl)c1Cl
1.437429478,CC(C)(ON=C(C(=O)NC1C(=O)N2C(C(=O)O)=C(C[n+]3ccccc3)CSC12)c1csc(N)n1)C(=O)O
2.305558735,CCn1cc(C(=O)O)c(=O)c2cnc(N3CCNCC3)nc21
2.175754528,CCCC(=O)OC1(C(=O)COC(=O)CC)CCC2C3CCC4=CC(=O)CCC4(C)C3C(O)CC21C
1.851735199,Cc1ccc2c([nH]c(=O)c3c(=O)cc(C(=O)OCCC(C)C)oc32)c1C
2.783341299,Clc1ccc(C(Cn2ccnc2)OCc2ccc(Sc3ccccc3)cc2)c(Cl)c1
2.13522303,COC1C(O)C(N)C(OC2OC(C(C)N)CCC2N)C(O)C1N(C)C(=O)CNC=N
2.474750788,CN(C(=O)COc1nc2ccccc2s1)c1ccccc1
1.218157237,CCC=CCC=CCC=CCC=CCC=CCCCC(=O)OCC
2.018189859,CCCCCN(CCCCCO)N=O
1.59525586,COC(=O)C1C2CC3c4[nH]c5cc(OC)ccc5c4CCN3CC2CC(OC(=O)C=Cc2ccc(O)c(OC)c2)C1OC
2.125509149,CCN(CC)CCOCCOC(=O)c1ccc(N)cc1
2.491339278,CCN(CC)CCOC(=O)c1ccc(NCc2c(CO)cnc(C)c2O)cc1
3.441036647,CC(N)C(OCCN(C(C)C)C(C)C)C(=O)c1ccccc1
2.267023808,NS(=O)(=O)c1cc(C(=O)NN2CC3C4CCC(C4)C3C2)ccc1Cl
2.964218409,COc1cccc(C2(O)CCCCC2CN(C)C)c1
3.437408769,CCOP(=O)(OCC)C(OC(=O)CC(C)C)C(Cl)(Cl)Cl
2.561735748,CCOc1occ2cnc(C)c(O)c12
2.401485664,Cc1ncc2coc(OCCO)c2c1O
2.484906952,Cc1ncc(CSSCc2cnc(C)c(O)c2CN)c(CN)c1O
2.403733765,Cc1ncc(CSSCc2cnc(C)c(O)c2CCl)c(CCl)c1O
2.540190102,Cc1ncc(CSSCc2cnc(C)c(O)c2C)c(C)c1O
2.74444127,O=C(OC1CC2CCC(C1)[N+]21CCCC1)C(O)(c1ccccc1)c1ccccc1
3.220326053,Cc1ncc2c(c1O)CSSC2
2.204559483,CCn1cc(C(=O)O)c(=O)c2cc(F)c(N3CCNCC3)nc21
2.315973493,CCCC(=O)OC1C(C)OC(OC2C(C)OC(OC3C(CC=O)CC(C)C(O)C=CC=CCC(C)OC(=O)CC(O)C3OC)C(O)C2N(C)C)CC1(C)OC(=O)CC
2.435857669,CCCC1C(=O)N2C(N(C)C)=Nc3ccc(C)cc3N2C1=O
2.602717939,c1cncc(CSSCc2cccnc2)c1
2.419438898,CCSCc1cnc(C)c(O)c1CO
2.874051695,COc1ccc(CN2CCN(C(c3ccccc3Cl)C(O)c3ccccc3)CC2)cc1
2.832282864,CCCCCCCCCC(=O)OC1(c2ccc(Cl)cc2)CCN(CCCC(=O)c2ccc(F)cc2)CC1
3.04711774,COc1ccc(-c2nc3ccc(C4=NNC(=O)CC4C)cc3[nH]2)cc1
2.131943569,CC(=O)SCC(C)C(=O)N1CCCC1C(=O)NC(Cc1ccccc1)C(=O)O
2.108456775,Cc1nc2ccccc2n1Cc1ccc(Cl)cc1
2.720740042,CCCc1nc(NC(=N)N)oc1CCC
2.045003596,CON=C(C(=O)NC1C(=O)N2C(C(=O)O)=C(CSc3nc(=O)c(O)nn3C)CSC12)c1csc(N)n1
2.67260024,CCOC(=O)Oc1ccc(CCNC(=O)C(CCSC)NC(C)=O)cc1OC(=O)OCC
1.739257387,O=C1NC(=O)C(c2ccc(O)cc2)(c2cccs2)N1
1.841071514,COc1ccc(C2(c3ccc(OC)c(Cl)c3)NC(=O)NC2=O)cc1
1.814716274,COc1ccc(C2(c3ccc(OC)c(C)c3)NC(=O)NC2=O)cc1
1.64390253,CCC1(c2ccccc2O)NC(=O)NC1=O
1.775680337,Cc1cc(C2(c3ccc(O)cc3)NC(=O)NC2=O)ccc1O
1.804433862,O=C1NC(=O)C(c2ccc(O)cc2)(c2ccc(O)c(Cl)c2)N1
2.84431709,CC(C(=O)O)c1ccc2c(c1)CC(=O)c1ccccc1S2
1.787212438,Cc1cc(=O)c(C(=O)NC(C(=O)NC2C(=O)N3C(C(=O)O)=C(CSc4nnnn4C)CSC23)c2ccc(O)cc2)c[nH]1
2.377436818,CNCCc1ccc(OC(=O)C(C)C)c(OC(=O)C(C)C)c1
2.556745014,CC12CCC3c4ccc(OC(=O)c5ccccc5)cc4CCC3C1CCC2OC(=O)COC(=O)CCCc1ccc(N(CCCl)CCCl)cc1
3.083582117,CNc1cc(OC)c(C(=O)NC2CCN(Cc3ccccc3)C2C)cc1Cl
4.608460778,CCC1(O)CC(OC2CC(N(C)C)C(OC3CC(O)C(OC4CCC(=O)C(C)O4)C(C)O3)C(C)O2)c2c(cc3c(c2O)C(=O)c2c(O)cccc2C3=O)C1C(=O)OC
1.539567017,COC1(NC(=O)CSCC(N)C(=O)O)C(=O)N2C(C(=O)O)=C(CSc3nnnn3C)CSC21
2.585884665,COC(=O)C1=C(C#N)NC(C)=C(C(=O)OC(C)C)C1c1cccc([N+](=O)[O-])c1
2.516195473,CC(C)(C)C(O)C(Cc1ccc(Cl)cc1Cl)n1cncn1
2.212421997,CCOP(=O)(Cc1ccc(-c2nc3ccccc3s2)cc1)OCC
2.642596404,O=C(O)c1c(Cl)c(Cl)c(Cl)c(Cl)c1C(=O)Nc1cccc(Cl)c1Cl
1.678566578,NCCCCC(NC(CCc1ccccc1)C(=O)O)C(=O)N1CCCC1C(=O)O
1.571485223,CCOC(=O)C(C)Oc1ccc(Oc2cnc3cc(Cl)ccc3n2)cc1
1.797725836,CCN1CCN(C(=O)NC(C(=O)NC2(OC)C(=O)N3C(C(=O)O)=C(CSc4nnnn4C)CSC32)C(C)O)C(=O)C1=O
2.625127167,N=C(N)Nc1nc(CSCCC(N)=NS(N)(=O)=O)cs1
2.219410302,CN=C(C[N+](=O)[O-])NCCSCc1csc(CN(C)C)n1
1.820360794,C=C(c1ccccc1OCc1cccc(Cl)c1)n1ccnc1
6.147255357,CCN1CC2(COC)C(OC(C)=O)CC(OC)C34C5CC6(O)C(OC)C(O)C(OC(C)=O)(C5C6OC(=O)c5ccccc5)C(C(OC)C23)C14
2.24196588,O=c1[nH]c(=O)n(C2OC(CO)C(O)C2O)cc1C=CBr
3.472655757,CP(=O)(O)CCC(N)C(=O)O
2.329977676,Cc1c(Nc2ccccc2C(=O)O)ccc(O)c1Cl
2.65848448,COCC(=O)N(c1c(C)cccc1C)N1CCOC1=O
2.444622429,CC1=CCC2CC(CC3(CCC(C)C(C(C)C)O3)O2)OC(=O)C2C=C(C)C(O)C3OCC(=CC=CC(C)C1)C23O
3.589097295,O=C(NN(CCCl)CCCl)OCc1ccccc1
3.263128346,CCOC(=O)NN(CCCl)CCCl
3.141686454,O=C(NN(CCCl)CCCl)Oc1ccccc1
3.856740971,CCCCOCC=CCN1CCC(OC(=O)CC)(c2ccccc2)CC1
2.140066632,CC1C(NC(=O)C(=NOC(C)(C)C(=O)O)c2csc(N)n2)C(=O)N1S(=O)(=O)O
3.066600651,CCCCCCCCCCCCCCCCCC(=O)NCCCCC(NC(=O)CCC(NC(=O)C(C)NC(=O)C(C)OC1C(O)C(CO)OC(O)C1NC(C)=O)C(N)=O)C(=O)O
2.338991561,CCC1(CC)C(=O)C=CN(CN2CCN(C)CC2)C1=O
3.566011435,O=P1(NN(CCCl)CCCl)NCCCO1
2.389743578,Cc1nc2ccccc2n(CCCN(C)C)c1=O
2.899722278,CC(=O)c1ccc2c(c1)nc(C)c(=O)n2CCCN(C)C
2.647496546,COc1ccc2c(c1)nc(C)c(=O)n2CCCN(C)C
3.462568521,Cc1nc2cc(C(F)(F)F)ccc2n(CCCN(C)C)c1=O
2.402562684,CC(O)C(c1ccc2c(c1)OCO2)N1CCOCC1
3.33486482,CC(=O)SCc1cnc(C)c(O)c1CSC(C)=O
2.274213288,O=C1c2ccccc2C(=O)N1N(CCBr)CCBr
2.67995152,O=C1c2ccccc2C(=O)N1N(CCCl)CCCl
2.827044169,O=C1c2ccccc2C(=O)N1N(CCI)CCI
2.602230057,N#[N+][N-]CC(=O)NN(CCCl)CCCl
2.523028551,NC(=O)NN(CCCl)CCCl
2.964050528,O=C(Nc1ccccc1)NN(CCCl)CCCl
3.561315269,Cc1[nH]c(=O)c(C#N)cc1-c1ccncc1
2.787816765,Cc1ccc2c(c1)CC(=O)c1cc(C(C)C(=O)O)ccc1O2
2.046870731,O=C(O)C=Cc1ccc(Cn2ccnc2)cc1
2.823073838,COc1ccc(-c2noc(CC(=O)O)c2-c2ccc(OC)cc2)cc1
1.69368299,CCN1CCc2c3n(c4ccccc24)C(C(=O)OC)=CCC31
2.870923863,CCCC1(c2cccc(O)c2)CCN(C)CC1C
1.656537068,C=CC1=C(C(=O)O)N2C(=O)C(NC(=O)C(=NOCC(=O)O)c3csc(N)n3)C2SC1
2.571199478,CC(C)(C)NCC(O)c1ccc(O)c(CO)n1
2.391338613,CN1CCN(c2c(F)cc3c(=O)c(C(=O)O)cn(CCF)c3c2F)CC1
2.003253783,CCCCCOc1ccc(C2SC(=O)NC2=O)cc1OCC
1.706034394,CN(C(=O)CC(=O)N(C)c1c(I)c(C(=O)NC(CO)C(O)CO)c(I)c(C(=O)NC(CO)C(O)CO)c1I)c1c(I)c(C(=O)NC(CO)C(O)CO)c(I)c(C(=O)NC(CO)C(O)CO)c1I
2.794402975,CCC(C)(C)C(=O)OC1CC(C)C=C2C=CC(C)C(CCC3CC(O)CC(=O)O3)C21
2.936630131,CC(C(=O)O)c1ccc(CC2CCCC2=O)cc1
2.699472626,CCC(=O)OC1(C(=O)SCF)C(C)CC2C3CC(F)C4=CC(=O)C=CC4(C)C3(F)C(O)CC21C
2.920437683,C[N+](C)(C)c1cccc(OP2OCCCO2)c1O
2.316620579,CCC1(CC)C(=O)C=CN(CN2CCNCC2)C1=O
2.02448228,Cc1oc(=O)oc1COC(=O)C1N2C(=O)C(NC(=O)C(N)c3ccccc3)C2SC1(C)C
2.359695544,O=C(O)C1CSC(c2ccccc2O)N1C(=O)CCS
1.068444326,CCOc1ccc(C(C)(C)COCc2cccc(Oc3ccccc3)c2)cc1
2.316159594,COc1cc(N)c(Cl)cc1C(=O)NC1CCN(CCCOc2ccc(F)cc2)CC1OC
2.174910691,CCC1OC(=O)C(C)C(OC2CC(C)(OC)C(O)C(C)O2)C(C)C(OC2OC(C)CC(N(C)C)C2O)C(C)(OC)CC(C)C(=O)C(C)C(O)C1(C)O
1.5544407,CC1(C)CC1C(=O)NC(=CCCCCSCC(N)C(=O)O)C(=O)O
2.126579299,CCC(C)C(=O)OC1CC(O)C=C2C=CC(C)C(CCC(O)CC(O)CC(=O)O)C21
2.584263361,CC(C)NCC(O)COc1cccc2c1OCC(O[N+](=O)[O-])C2
2.119980209,COc1ccc(C(=O)N2CCN(c3ccc4c(c3)CCC(=O)N4)CC2)cc1OC
3.387708721,CCCCNc1ccc2c(c1)C(=O)N(CCN(CC)CC)C2=O
2.027223175,CC(=Cc1ccccc1)C=C1SC(=S)N(CC(=O)O)C1=O
1.830965706,O=C(Nc1ccc(Cl)cc1C(O)c1ccccc1)c1ccncc1
1.807541793,CON=C(C(=O)NC1C(=O)N2C(C(=O)O)=C(CSc3cnns3)CSC12)c1csc(N)n1
1.708536287,CC1COc2c(N3CCN(C)CC3)c(F)cc3c(=O)c(C(=O)O)cn1c23
1.995377759,CON=C(C(=O)NC1C(=O)N2C(C(=O)OCOC(=O)C(C)(C)C)=C(Cn3nnc(C)n3)CSC12)c1csc(N)n1
1.935828585,Cc1ccc(C(=O)COc2c(C(=O)c3ccc(Cl)c(C)c3Cl)c(C)nn2C)cc1
1.500584636,COc1ccc(C2NC(=O)C(C)S2)cc1OC
2.943337513,CC1CCC2C(C)C(OC(=O)CCC(=O)O)OC3OC4(C)CCC1C32OO4
1.859280936,CCCCOC(=O)C(=O)Nc1cccc(-c2nn[nH]n2)c1
3.103466554,CCC(=O)N(c1ccccn1)C(C)CN1CC2CCC2C1
1.884815517,CCOC(=O)C(CCc1ccccc1)NC(C)C(=O)N(CC(=O)O)C1Cc2ccccc2C1
3.24008059,CC1CC2C3CCC4=CC(=O)C=CC4(C)C3(Cl)C(O)CC2(C)C1(OC(=O)c1ccco1)C(=O)CCl
1.766471042,O=C(O)C1=C(C[n+]2ccc(CCS(=O)(=O)O)cc2)CSC2C(NC(=O)C(NC(=O)c3[nH]cnc3C(=O)O)c3ccccc3)C(=O)N12
3.751557884,CC1(C(=O)O)CCC2(C)CCC3(C)C(=CCC4C5(C)CCC(OC(=O)C=CC(=O)O)C(C)(C)C5CCC43C)C2C1
2.369640973,COc1ccc2c(c1)c(CC(=O)OCC=C(C)CCC=C(C)CCC=C(C)C)c(C)n2C(=O)c1ccc(Cl)cc1
2.472880725,CN(C)C(=O)c1nc(CNC(=O)CN)n(-c2ccc(Cl)cc2C(=O)c2ccccc2Cl)n1
2.473930302,Cc1nc2cccnc2n(CCN(C)C)c1=O
2.563202541,Cc1nc2cccnc2n(CCN2CCOCC2)c1=O
1.576588768,CON=C(C(=O)NC1C(=O)N2C(C(=O)O)=C(CSc3nc(C)c(CC(=O)O)s3)CSC12)c1csc(N)n1
2.197352245,CCC(=O)OC1(C(=O)COC(C)=O)CCC2C3CC(C)C4=CC(=O)C=CC4(C)C3C(O)CC21C
2.279331514,CC(C)c1cc2c(cc1S(=O)(=O)O)C1(C)CCCC(C)(C(=O)O)C1CC2
1.668767853,NC(=O)OCC1C(NC(=O)C(=NOCC(=O)O)c2csc(N)n2)C(=O)N1S(=O)(=O)O
2.883525726,CCc1cc(S(=O)(=O)O)c2cc(C(C)C)cccc1-2
1.601215916,O=C1NC2CCCCN2C12CCN(CCCN1c3ccccc3CCc3ccc(Cl)cc31)CC2
2.856541247,CSCCN1C2CCC1CC(OC(=O)c1ccccc1)C2
2.331694987,CCn1cc(C(=O)O)c(=O)c2cc(F)c(N3CCNC(C)C3)c(F)c21
2.270158069,CC(C)(C)NC(=O)C1CCC2C3CCC4NC(=O)C=CC4(C)C3CCC12C
4.06793396,CC(C)n1nc(-c2cccc(Cl)c2Cl)c(=N)nc1N
2.046328213,Cn1ccnc1SC(C)(C)C(=O)O
2.261009304,CC(C)COC(=O)OCN1C(=O)CN(CCN2CC(=O)N(COC(=O)OCC(C)C)C(=O)C2)CC1=O
1.712310382,CON=C(C(=O)NC1C(=O)N2C(C(=O)O)=C(C[n+]3cccc4c3CCC4)CSC12)c1csc(N)n1
1.773682764,CCCN(CCC)C(=O)C(CCC(=O)O)NC(=O)c1ccccc1
3.00894259,CC(=O)OCOC(=O)C1=C(COC(N)=O)SC2C(C(C)O)C(=O)N12
2.236123807,CCOC(=O)OC(C)OC1=C(C(=O)Nc2ccccn2)N(C)S(=O)(=O)c2ccccc21
2.429021767,COC(=O)C1=C(C)NC(C)=C(C(=O)OCC=Cc2ccccc2)C1c1cccc([N+](=O)[O-])c1
2.389437212,ClCCN(CCCl)N=Cc1ccccc1
2.724875731,Cc1cccn2c(=O)c(-c3nn[nH]n3)cnc12
3.143308434,Cc1nc2cnccc2n(CCN(C)C)c1=O
2.725281796,COc1ccc(CN2CCN(C(c3ccc(F)cc3)c3ccc(F)cc3)CC2)c(OC)c1OC
4.659713341,CCCCCCC(C)(C)c1cc(O)c2c(c1)OC(C)(C)C1CCC(O)CC21
3.325619641,CN(Cc1ccc(C(C)(C)C)cc1)Cc1cccc2ccccc12
2.633801624,CCC(c1ccc(OP(=O)(O)O)cc1)C(CC)c1ccc(OP(=O)(O)O)cc1
3.8175852,CC(C)=NN(CCCl)CCCl
2.675302785,c1ccc(CNC2=NCNC3=NCN=C32)cc1
2.88689607,Cc1nc2cc(Cl)ccc2n(CCCN(C)C)c1=O
3.158697132,CN(C)c1ccc(C=NN(CCCl)CCCl)cc1
1.715205977,CCCCn1c(=O)n(CCC)c(=O)c2c(NC)n(C(=O)OC)nc21
1.868489264,Cc1c(OCC(F)(F)F)ccnc1CS(=O)c1nc2ccccc2[nH]1
2.908800689,CCOC(=O)C1=C(C)NC(C)=C(C(=O)OCC)C1c1ccccc1/C=C/C(=O)OC(C)(C)C
3.121694377,CCCCCOc1cccc(NC(=O)OC2CCCCC2N2CCCC2)c1
4.215891211,COC(=O)C1=C(C)NC(C)=C(C(=O)OC2CCN(Cc3ccccc3)C2)C1c1cccc([N+](=O)[O-])c1
2.308464098,CC(=O)OC1(C(C)=O)CCC2C3C=C(Cl)C4=CC(=O)OCC4(C)C3CCC21C
1.741648664,CON=C(C(=O)NC1C(=O)N2C(C(=O)O)=C(C[N+]34CCC(C(N)=O)(CC3)CC4)CSC12)c1nsc(N)n1
3.374548666,O=S(=O)(c1cccc2cnccc12)N1CCCNCC1
3.62207968,Cc1nc2n(c(=O)c1CCN1CCC(c3noc4cc(F)ccc34)CC1)CCCC2
3.070883848,CCOc1ccccc1OCCNC(C)Cc1ccc(OC)c(S(N)(=O)=O)c1
2.149747029,CC(=O)c1c2c(c(C)[nH]c1=O)CC(c1ccncc1)CC2
1.764352505,O=C(CCN[Zn+2])NC(Cc1cnc[nH]1)C(=O)O
6.101163257,CCN1CC2(COC)CCC(OC)C34C5CC6(O)C(OC)CC(OC(C)=O)(C5C6OC(=O)c5ccc(OC)cc5)C(C(OC)C23)C14
1.777461623,CCCCCCCSCCCCN1CCCCCC1=O
2.332762814,COc1ccc(C(N)=O)cc1C(=O)NCc1cccnc1
2.42654596,Cc1nc2cnc3ccccc3c2s1
3.349066061,CCOCn1cc(F)c(=O)n(C(=O)c2cccc(C(=O)Oc3nc(OC(=O)c4ccccc4)ccc3C#N)c2)c1=O
2.493600794,CNC(CC(C)C)C(=O)NC1C(=O)NC(CC(N)=O)C(=O)NC2C(=O)NC3C(=O)NC(C(=O)NC(C(=O)O)c4cc(O)cc(O)c4-c4cc3ccc4O)C(OC3CC(C)(N)C(O)C(C)O3)c3ccc(cc3)Oc3cc2cc(c3OC2OC(CO)C(O)C(O)C2OC2CC(C)(N)C(O)C(C)O2)Oc2ccc(cc2Cl)C1O
2.292705644,CC1CN(c2c(F)c(N)c3c(=O)c(C(=O)O)cn(C4CC4)c3c2F)CC(C)N1
2.855097283,c1ccc2c(c1)ncc1ncsc12
2.40788526,CON=C(C(=O)NC1C(=O)N2C(C(=O)OCOC(=O)C(C)(C)C)=C(C)CSC12)c1csc(N)n1
2.879752887,COc1ccc(C(=C(C#N)CCC(=O)O)c2ccc(OC)cc2)cc1
1.850580075,CC1=C(C)C(=O)C(C(CCCCCC(=O)O)c2ccccc2)=C(C)C1=O
1.75351565,CCCCCCCOCCCCN1CCCCCC1=O
2.43819203,CN(C)C(=O)c1cc(C(=O)N(C)C)c2c(n1)C(=O)C(=O)c1cc(C(=O)N(C)C)[nH]c1-2
5.275099845,C=C1C(=CC=C2CCCC3(C)C2CCC3C(C)C=CC(O)C2CC2)CC(O)CC1O
1.756631545,CCCCCCCCCCSCCN1CCCC1=O
1.731474335,CCCCCCCCCCOCCN1CCCC1=O
5.554933431,CC(=O)OC1C2OC3C=C(C)C(OC(=O)CC(C)C)CC3(CO)C(C)(C1OC(C)=O)C21CO1
2.093936229,CON=C(C(=O)NC1C(=O)N2C(C(=O)OCOC(=O)C(C)(C)C)=C(C=Cc3scnc3C)CSC12)c1csc(N)n1
2.06940232,Cc1[nH]c(=O)c(C#N)cc1-c1ccc2nccn2c1
2.628002492,CCCCCCCC(=O)CCC1C(O)CC(O)C1CC=CCCCC(=O)OC(C)C
2.91402309,CC1CNc2c(cccc2S(=O)(=O)NC(CCCNC(=N)N)C(=O)N2CCC(C)CC2C(=O)O)C1
2.746702868,CCC(=O)OC1(c2ccccc2)CCN(CC=CCOc2ccccc2)CC1
4.192346672,CCC(=O)OC1(c2ccccc2)CCN(CCCCOc2ccccc2)CC1
2.210116444,CCNC1CC(C)S(=O)(=O)c2sc(S(N)(=O)=O)cc21
1.804865196,CCCCCOc1ccccc1C(=CSC)n1ccnc1
2.351748972,CC(=O)NCCCOc1ccc(C(=O)N2CCC(N3C(=O)CCc4ccccc43)CC2)cc1
1.993460921,COCCOC(=O)C1=C(C)NC(C)=C(C(=O)OCC=Cc2ccccc2)C1c1cccc([N+](=O)[O-])c1
2.511922791,CC(CC(C(N)=O)(c1ccccc1)c1ccccn1)N(C)C
2.926026324,Cc1c(C)c2c(c(C)c1OP(=O)(O)OC1C(=O)OC(C(O)CO)C1=O)CCC(C)(CCCC(C)CCCC(C)CCCC(C)C)O2
4.236589831,CCCCC(C)CC(O)C=CC1C(O)CC2CC(CCOCC(=O)OC)CC21
1.960556391,CNCc1ccc(CSCCN=C(NCC(O)c2ccc(O)cc2)NS(C)(=O)=O)o1
2.256978581,Cc1c(F)c(N2CCNC(C)C2)cc2c1C(=O)C(C(=O)O)CN2C1CC1
1.53184648,NCC1CCC(C(=O)O)CC1
3.52370391,CNC(C)Cc1ccc(Cl)cc1
1.778740876,Nc1ccc(Cc2ccccc2N)cc1
3.184883289,CCCC(Cc1ccccc1)N1CCCC1
2.540062457,CC(CN(C)C)C(C)(O)Cc1ccc(Cl)cc1
2.722290625,CCN(CC)CCc1nc(-c2ccccc2)no1
4.618784378,CCCCP(=O)(CCCC)Oc1ccc([N+](=O)[O-])cc1
3.255868278,CN(C)CCC=C1c2ccccc2COc2ccccc21
1.917074677,CC12Cc3nonc3CC1CCC1C2CCC2(C)C1CCC2(C)O
1.617614632,CCCCCC(=O)OC1(C(C)=O)CCC2C3CCC4=CC(=O)CCC4C3CCC21C
2.817402284,NCC1OC(OC2C(CO)OC(OC3C(O)C(N)CC(N)C3OC3OC(CO)C(O)C(O)C3N)C2O)C(N)C(O)C1O
2.315716009,CCOC(=O)CCC(=O)OC1C(OC2C(C)C(OC3CC(C)(OC)C(O)C(C)O3)C(C)C(=O)OC(CC)C(C)(O)C(O)C(C)C(=O)C(C)CC2(C)O)OC(C)CC1N(C)C
4.209456344,CCC(C)CCCCC(=O)NC(CCN)C(=O)NC(C(=O)NC(CCN)C(=O)NC1CCNC(=O)C(C(C)O)NC(=O)C(CCN)NC(=O)C(CCN)NC(=O)C(CC(C)C)NC(=O)C(CC(C)C)NC(=O)C(CCN)NC1=O)C(C)O
1.295888579,NC(=O)NC1NC(=O)NC1=O
3.07815409,COC1CC=C2CCN3CCC4=C(CC(=O)OC4)C23C1
1.757843001,O=S(=O)(c1ccc(NC2OC(CO)C(O)C(O)C2O)cc1)c1ccc(NC2OC(CO)C(O)C(O)C2O)cc1
4.341341918,CCCCCCC1C(=O)OC(C)C(NC(=O)c2cccc(NC=O)c2O)C(=O)OC(C)C1OC(=O)CC(C)C
3.237411033,NCC1OC(OC2C(CO)OC(OC3C(O)C(N)CC(N)C3OC3OC(CN)C(O)C(O)C3N)C2O)C(N)C(O)C1O
2.827808697,CNC(C)C1CCC(N)C(OC2C(N)CC(N)C(OC3OCC(C)(O)C(NC)C3O)C2O)O1
2.64678896,CC[N+](C)(CC)CCOC(=O)C(O)(c1ccccc1)C1CCCCC1
3.098830109,COc1ccc2c3c1OC1C(O)C=CC4C(C2)N(C)CCC341
2.202804251,N#CC(Cc1ccc(O)cc1)c1ccc(O)cc1
2.454308804,CCC(=O)c1c(O)cc(O)cc1O
2.694054671,COCCCNCC1COc2ccccc2O1
3.878354799,Cc1cc([N+](=O)[O-])cc([N+](=O)[O-])c1O
5.288819146,Cc1cc(C(C)(C)C)c(O)c(C)c1CC1=NCCN1
3.230504368,CCCC1(c2cccc(O)c2)CCN(C)C1
2.773407419,O=C(CCCN1CCN(c2ccccc2)CC1)c1ccc(F)cc1
2.801220714,CC1CC2C(C(O)CC3(C)C2CCC3(O)C(=O)COC(=O)CCC(=O)O)C2(C)C=CC(=O)C=C12
4.143113328,CCOC(=O)C1(c2ccccc2)CCN(CCOCC2CCCO2)CC1
1.885669301,Cc1cccc(N(C)C(=S)Oc2ccc3ccccc3c2)c1
3.226397061,OCCN1CCN(CCC=C2c3ccccc3Sc3ccc(C(F)(F)F)cc32)CC1
1.649864258,CCCCOc1ccc(CC(=O)NO)cc1
3.105763686,CC12C=C(C=O)C(=O)C=C1CCC1C2C(O)CC2(C)C1CCC2(C)O
3.443820821,COc1ccc2c(c1OC)C13CCN(C)C(C2)C1(O)CCC(O)C3
2.893320707,OC(CCCN1CCCCC1)(c1ccccc1)c1ccccc1
4.69680597,CC1OC(OC2C(O)CC(OC3C(O)CC(OC4CCC5(C)C(CCC6C5CCC5(C)C(C7=CC(=O)OC7)C(OC=O)CC65O)C4)OC3C)OC2C)CC(O)C1O
3.141358306,COc1cc(C2c3cc4c(cc3C(OC3OC5COC(c6ccccc6)OC5C(O)C3O)C3COC(=O)C23)OCO4)cc(OC)c1OC
2.917477089,CC(=C(CCOC(=O)C(C)C)SSC(CCOC(=O)C(C)C)=C(C)N(C=O)Cc1cnc(C)nc1N)N(C=O)Cc1cnc(C)nc1N
3.657049476,CC(C)(C#N)C(C)(C)C#N
4.034677669,CCC1(C(C)C=C(C)C)C(=O)NC(=O)NC1=O
3.36912595,CCC12CCN(CC=C(C)C)C(Cc3ccc(O)cc31)C2C
2.580254668,Cc1ccc(C(=O)C(C)CN2CCCCC2)cc1
2.603406386,Cc1cc(Cl)ccc1OCC(=O)O
4.528286097,CCOP(=O)(OCC)N(CC)P(=O)(OCC)OCC
2.304418714,C=[N+](O)C1Cc2ccc(OC)c3c2C2(C)C1C=CC(O)C2O3
2.787093094,CCOC(=O)C1(c2ccccc2)CCN(CCOCc2ccccc2)CC1
2.588373784,Cc1c(-c2ccccc2)oc2c(C(=O)OCCN3CCCCC3)cccc2c1=O
3.119132995,CCC(=O)OC1(c2ccccc2)CCN(C)C1C
1.009358286,OCC1OC(OC2C(CO)OC(O)(CO)C2O)C(O)C(O)C1O
3.255943298,CC[N+]1(CC)CCC(=C(c2ccccc2)c2ccccc2)C1C
3.838751171,C[n+]1ccc(-c2cc[n+](C)cc2)cc1
1.58482292,CC1(C)SC2C(NC(=O)C(C(=O)O)c3ccsc3)C(=O)N2C1C(=O)O
2.437187488,CN(C)CCCN1c2ccccc2C(C)(C)c2ccccc21
1.577958014,CC1(C)SC2C(NC(=O)C(C(=O)O)c3ccccc3)C(=O)N2C1C(=O)O
2.486789163,OCC1OC2OC3C(CO)OC(OC4C(CO)OC(OC5C(CO)OC(OC6C(CO)OC(OC7C(CO)OC(OC8C(CO)OC(OC1C(O)C2O)C(O)C8O)C(O)C7O)C(O)C6O)C(O)C5O)C(O)C4O)C(O)C3O
3.391183961,ClCCN(CCCl)N=Cc1ccccn1
0.954618735,OCC1(O)OCC(O)C(O)C1O
3.544546484,CC1CC=CC=CC=CC=CC(OC2OC(C)C(O)C(N)C2O)CC2OC(O)(CC(O)CC3OC3C=CC(=O)O1)CC(O)C2C(=O)O
1.764493374,CC(C)=CC1C(C(=O)OCN2C(=O)C3=C(CCCC3)C2=O)C1(C)C
3.825210595,COP(=O)(OC)OC(C)=CC(=O)OC(C)c1ccccc1
2.438033604,CNc1nsc2ccccc12
3.404485506,NC(C(=O)O)C(O)c1ccc(O)c(O)c1
2.341789495,CCCC(=O)OC1(C(=O)COC(C)=O)CCC2C3CC(F)C4=CC(=O)C=CC4(C)C3(F)C(O)CC21C
2.00685096,O=C(OCC(O)CO)c1ccccc1Nc1ccnc2c(C(F)(F)F)cccc12
2.669359496,CCCN(CCC)S(=O)(=O)c1ccc(C(=O)O)cc1
1.24049351,NC(CSCC(=O)O)C(=O)O
1.643867033,CC(=O)OCC(CO)OC(C)=O
5.048449357,COc1cc(=O)oc(C=CC=CC=CC(C)=CC2(C)OC(C)C(C)(O)C2O)c1C
1.831872903,NCC1OC(OC2C(N)CC(N)C(O)C2OC2OC(CO)C(O)C2O)C(N)C(O)C1O
2.255706583,CCOC(=O)Nc1c[n+](N2CCOCC2)no1
3.438354797,C=[N+]([O-])NC
1.49167199,CCOC(=O)c1c(N)sc2c1CCN(Cc1ccccc1)C2
3.364045968,CCN(CC)c1ccc(N=O)c(O)c1
1.657552043,Cc1nnc(SCC2=C(C(=O)O)N3C(=O)C(NC(=O)Cn4cnnn4)C3SC2)s1
1.836072076,O=C1CN=C(c2ccccc2F)c2cc(Cl)ccc2N1CC1CC1
1.845665974,CC(C)=CC1C(C(=O)OCc2cccc(Oc3ccccc3)c2)C1(C)C
1.550288828,CC1OC1P(=O)(O)O
2.933297135,C[N+]1(C)CCc2cc(Cl)ccc21
1.519400787,NC(CCC(=O)O)C(=O)O
6.800223281,C=C1C(=CC=C2CCCC3(C)C2CCC3C(C)CCCC(C)(C)O)CC(O)CC1O
4.749550556,CCCSC(C)=NOC(=O)NC
1.573720682,O=CC(O)C1OC(=O)C(O)C1O
2.27912668,CC(CCc1ccccc1)NCC(O)c1ccc(O)c(C(N)=O)c1
3.709969189,N[Pt]1(N)OC(=O)C2(CCC2)C(=O)O1
2.047818855,CCCCOC(=O)C(=O)C1C(C)CC2C3CC(F)C4=CC(=O)C=CC4(C)C3C(O)CC21C
2.735971297,CCOc1cc(OCC)c(C(=O)CCC(=O)O)cc1OCC
2.359841484,CC(C)(Oc1ccc(CCNC(=O)c2ccc(Cl)cc2)cc1)C(=O)O
4.344276807,CCC(OC(C)=O)C(CC(C)N(C)C)(c1ccccc1)c1ccccc1
1.729013246,Cc1c(C)c2c(c(C)c1OC(=O)c1cccnc1)CCC(C)(CCCC(C)CCCC(C)CCCC(C)C)O2
2.857349251,CN1CCN(C(=O)OC2c3nccnc3C(=O)N2c2ccc(Cl)cn2)CC1
2.175156521,COC(=O)Nc1nc2ccc(Sc3ccccc3)cc2[nH]1
3.697752274,COc1ccc(OC)c(C(O)CNC(=O)CN)c1
4.503083769,O=C(NP(=O)(N1CC1)N1CC1)OC(COC(=O)c1ccccc1)C(OC(=O)NP(=O)(N1CC1)N1CC1)C(OC(=O)NP(=O)(N1CC1)N1CC1)C(COC(=O)c1ccccc1)OC(=O)NP(=O)(N1CC1)N1CC1
2.977332531,CC(=C(CCS(C)=O)SSC(CCS(C)=O)=C(C)N(C=O)Cc1cnc(C)nc1N)N(C=O)Cc1cnc(C)nc1N
3.867601668,CCCC1OC2CC3C4CCC5=CC(=O)C=CC5(C)C4C(O)CC3(C)C2(C(=O)CO)O1
1.789931672,O=C(O)c1cc(=O)c2c3nc4ccccc4oc-3cc(=O)c2[nH]1
2.467499695,CN/C(=N\C#N)NCCSCc1[nH]cnc1C
2.55888849,CC(CS)C(=O)N1CCCC1C(=O)O
3.255543676,Cn1cc(OCC(O)CNC(C)(C)C)c2ccccc2c1=O
1.689614046,O=c1[nH]c2ccccc2n1CCCN1CCC(n2c(=O)[nH]c3ccccc32)CC1
3.332175784,COc1cccc(NC(=O)NC=CP(=O)(N2CC2)N2CC2)c1
3.015729894,COc1cnc(NC(=O)NC=CP(=O)(Cl)Cl)cn1
3.837619999,CN(CCO)CCCl
4.898269811,CCCCCc1cc[n+](C(c2ccccc2)c2ccccc2)cc1
3.080564366,Cn1c(=O)c2c(nc(Cc3ccccc3)n2C(CN)N2CCOCC2)n(C)c1=O
2.662556087,CC/N=N\NCC
6.387441665,CNC(=O)Oc1ccc([N+](C)(C)C)c(C(C)C)c1
5.346916018,CNC(=O)Oc1cccc(C(C)N(C)C)c1
5.793774558,CC(=O)OCC12CC(OC(C)=O)C(C)=CC1OC1C(OC(C)=O)C(OC(C)=O)C2(C)C12CO2
1.588517084,Clc1ccc(C(Cn2ccnc2)OCc2ccsc2Cl)c(Cl)c1
2.516988602,O=C(Nc1ccccc1)N(Cc1ccc(Cl)cc1)C1CCCC1
1.994888567,COCCOC(=O)C1=C(C)NC(C)=C(C(=O)OC(C)C)C1c1cccc([N+](=O)[O-])c1
1.829099124,CCCCOC(=O)c1ccccc1Nc1cccc(C(F)(F)F)c1
2.445298221,COCC1=C(C(=O)OC(C)OC(=O)OC(C)C)N2C(=O)C(NC(=O)C(=NOC)c3csc(N)n3)C2SC1
2.765938065,CN1CCN(CC2C(=O)Nc3ccccc3SC2c2ccccc2)CC1
1.835609411,CCOC(=O)C1OC1C(=O)NC(CC(C)C)C(=O)NCCC(C)C
4.743262356,CC#CCC(C)C(O)C=CC1C(O)CC2Oc3c(CCCC(=O)O)cccc3C21
2.215422081,COc1cccc(N(C)C(=S)Oc2ccc3c(c2)CCCC3)n1
1.820139695,COc1cccc(N(C)C(=S)Oc2cccc(C(C)(C)C)c2)n1
3.867485166,NS(=O)(=O)N(CCCl)CCCl
3.486982666,COC(=O)C1=C(C)NC(C)=C(C(=O)OCCN2CCN(C(c3ccccc3)c3ccccc3)CC2)C1c1cccc([N+](=O)[O-])c1
2.975192766,COS(=O)(=O)N(CCCl)CCCl
2.607938376,CCOC(=O)C(CCc1ccccc1)NC(C)C(=O)N1C(=O)N(C)CC1C(=O)O
2.420549573,CCCSP(=O)(OCC)Oc1cnn(-c2ccc(Cl)cc2)c1
1.778579543,CC1(Cn2ccnn2)C(C(=O)O)N2C(=O)CC2S1(=O)=O
2.896146045,CCOC(=O)Nc1cccc2c1CN(C)CC2c1ccc(Cl)cc1
2.964085123,CC(C)=NNS(=O)(=O)N(CCCl)CCCl
3.496639099,Nc1c2c(nc3c1CCC3)CCCC2
2.26810036,O=C(NC(Cc1cc(=O)[nH]c2ccccc12)C(=O)O)c1ccc(Cl)cc1
3.085217773,CC(=O)/C(C)=N/NS(=O)(=O)N(CCCl)CCCl
3.141789864,CCN(CC)S(=O)(=O)N(CCCl)CCCl
2.584329811,CCOC(=O)CNS(=O)(=O)N(CCCl)CCCl
2.674170127,NNS(=O)(=O)N(CCCl)CCCl
1.972821892,CC(C)(C)c1ccc(C(=O)CCCN2CCC(OC(c3ccccc3)c3ccccc3)CC2)cc1
2.638803632,CCOC(=O)C/C(C)=N/NS(=O)(=O)N(CCCl)CCCl
2.163516182,CN(CC=CC#CC(C)(C)C)Cc1cccc2ccccc12
3.699436949,CC(=O)OC(C)OC(=O)C(C)c1ccc(-c2ccccc2)c(F)c1
2.959217938,CC(=NN(CCCl)CCCl)C(C)=NN(CCCl)CCCl
3.262873072,COC(=O)C1=C(C)NC(C)=C(C(=O)OC2CCCN(Cc3ccccc3)C2)C1c1cccc([N+](=O)[O-])c1
1.995015334,O=S(=O)(N(CCCl)CCCl)N1CCN(S(=O)(=O)N(CCCl)CCCl)CC1
1.848872801,C=CC1=C(C(=O)O)N2C(=O)C(NC(=O)C(=NO)c3csc(N)n3)C2SC1
2.620662721,CCOC(=O)C(CCc1ccccc1)NC1CCCN2CCCC(C(=O)O)N2C1=O
2.485842047,CN(C)c1ccc(C=NNS(=O)(=O)N(CCCl)CCCl)cc1
3.11257149,CC(=NN(CCCl)CCCl)c1ccccc1
2.709612511,C=CCNC(=S)NN(CCCl)CCCl
1.791369194,CC(=O)NC1C(O)CC(O)(C(=O)O)OC1C(O)C(O)CO
2.858644165,CCC(=CC(=NO)C(N)=O)/C(C)=[N+](\[O-])O
1.69589651,COC1(NC(=O)CSC(F)F)C(=O)N2C(C(=O)O)=C(CSc3nnnn3CCO)COC21
2.520283043,O=C(O)c1cn(C2CC2)c2cc(N3CCNCC3)c(F)cc2c1=O
2.847118587,COc1ccccc1OCCNCC(O)c1ccc(C)c(S(N)(=O)=O)c1
2.767614779,CC(=O)OCC(=O)NCCCOc1cccc(CN2CCCCC2)c1
4.065060342,COCCCC(C)c1cc(O)c2c(c1)OC(C)(C)C1CCC(O)CC21
4.21689731,CCOCCCC(C)c1cc(O)c2c(c1)OC(C)(C)C1CCC(O)CC21
4.143369277,CN1C2CCC1CC(=NN(CCCl)CCCl)C2
3.507314111,CC(=O)C(C)=NN(CCCl)CCCl
1.961240694,COC(=O)C1=C(C)NC(COC(N)=O)=C(C(=O)OC(C)C)C1c1cccc(Cl)c1Cl
4.01903455,CCOC1(c2ccco2)CCN(CCc2ccccc2)CC1C
4.459256196,COc1cccc2c1C(=O)c1c(O)c3c(c(O)c1C2=O)CC(O)(C(=O)CO)CC3OC1CC(N)C(OC2CCCCO2)C(C)O1
3.538352509,COc1ccc2nc(S(=O)Cc3ncc(C)c(OC)c3C)[nH]c2c1
2.666876293,Cc1cc(O)ccc1C=NNC1=NCCN1
2.541485636,CC(OC(=O)OC1CCCCC1)OC(=O)C1=C(CSc2nnnn2CCN(C)C)CSC2C(NC(=O)Cc3csc(N)n3)C(=O)N12
1.884761389,CC(O)C1C(=O)N2C(C(=O)O)=C(SC3CNC(C(=O)N(C)C)C3)C(C)C12
3.989271502,COC(=O)C1=C(C)NC(C)=C(C(=O)OCC(C)(C)CN(C)Cc2ccccc2)C1c1cc([N+](=O)[O-])ccc1F
